{
  "chunks": [
    {
      "rendered": true,
      "initial": false,
      "entry": false,
      "recorded": false,
      "size": 39799,
      "sizes": {
        "javascript": 39799
      },
      "names": [],
      "idHints": [],
      "runtime": [
        "@openmrs/esm-patient-allergies-app",
        "main"
      ],
      "files": [
        "36.js"
      ],
      "auxiliaryFiles": [
        "36.js.map"
      ],
      "hash": "934fe7b02464d0d5",
      "childrenByOrder": {}
    },
    {
      "rendered": true,
      "initial": false,
      "entry": false,
      "recorded": false,
      "reason": "reused as split chunk (cache group: defaultVendors)",
      "size": 1215476,
      "sizes": {
        "javascript": 1215476
      },
      "names": [],
      "idHints": [
        "vendors"
      ],
      "runtime": [
        "@openmrs/esm-patient-allergies-app",
        "main"
      ],
      "files": [
        "130.js"
      ],
      "auxiliaryFiles": [
        "130.js.map"
      ],
      "hash": "2f2d8211e40ef827",
      "childrenByOrder": {}
    },
    {
      "rendered": true,
      "initial": false,
      "entry": false,
      "recorded": false,
      "size": 480,
      "sizes": {
        "javascript": 480
      },
      "names": [],
      "idHints": [],
      "runtime": [
        "@openmrs/esm-patient-allergies-app",
        "main"
      ],
      "files": [
        "152.js"
      ],
      "auxiliaryFiles": [
        "152.js.map"
      ],
      "hash": "61c7a55abad75bac",
      "childrenByOrder": {}
    },
    {
      "rendered": true,
      "initial": true,
      "entry": true,
      "recorded": false,
      "size": 2205782,
      "sizes": {
        "consume-shared": 210,
        "javascript": 2183941,
        "share-init": 294,
        "runtime": 21337
      },
      "names": [
        "main"
      ],
      "idHints": [],
      "runtime": [
        "main"
      ],
      "files": [
        "main.js"
      ],
      "auxiliaryFiles": [
        "main.js.map"
      ],
      "hash": "e2b0ecce0f6dfb0e",
      "childrenByOrder": {}
    },
    {
      "rendered": false,
      "initial": false,
      "entry": false,
      "recorded": false,
      "reason": "split chunk (cache group: default)",
      "size": 42,
      "sizes": {
        "consume-shared": 42
      },
      "names": [],
      "idHints": [],
      "runtime": [
        "@openmrs/esm-patient-allergies-app",
        "main"
      ],
      "files": [],
      "auxiliaryFiles": [],
      "hash": "7e5372381087ebb2",
      "childrenByOrder": {}
    },
    {
      "rendered": true,
      "initial": false,
      "entry": false,
      "recorded": false,
      "reason": "split chunk (cache group: defaultVendors)",
      "size": 2128353,
      "sizes": {
        "javascript": 2128353
      },
      "names": [],
      "idHints": [
        "vendors"
      ],
      "runtime": [
        "@openmrs/esm-patient-allergies-app",
        "main"
      ],
      "files": [
        "204.js"
      ],
      "auxiliaryFiles": [
        "204.js.map"
      ],
      "hash": "2d98ed58602ff7be",
      "childrenByOrder": {}
    },
    {
      "rendered": true,
      "initial": true,
      "entry": true,
      "recorded": false,
      "size": 21220,
      "sizes": {
        "javascript": 42,
        "share-init": 294,
        "runtime": 20884
      },
      "names": [
        "@openmrs/esm-patient-allergies-app"
      ],
      "idHints": [],
      "runtime": [
        "@openmrs/esm-patient-allergies-app"
      ],
      "files": [
        "openmrs-esm-patient-allergies-app.js"
      ],
      "auxiliaryFiles": [
        "openmrs-esm-patient-allergies-app.js.map"
      ],
      "hash": "1f12543dcc256989",
      "childrenByOrder": {}
    },
    {
      "rendered": true,
      "initial": false,
      "entry": false,
      "recorded": false,
      "reason": "split chunk (cache group: defaultVendors)",
      "size": 25337,
      "sizes": {
        "javascript": 25337
      },
      "names": [],
      "idHints": [
        "vendors"
      ],
      "runtime": [
        "@openmrs/esm-patient-allergies-app",
        "main"
      ],
      "files": [
        "255.js"
      ],
      "auxiliaryFiles": [
        "255.js.map"
      ],
      "hash": "c07b3e48ab41696b",
      "childrenByOrder": {}
    },
    {
      "rendered": true,
      "initial": false,
      "entry": false,
      "recorded": false,
      "size": 952,
      "sizes": {
        "javascript": 952
      },
      "names": [],
      "idHints": [],
      "runtime": [
        "@openmrs/esm-patient-allergies-app",
        "main"
      ],
      "files": [
        "271.js"
      ],
      "auxiliaryFiles": [],
      "hash": "45c28aad2d7791c7",
      "childrenByOrder": {}
    },
    {
      "rendered": true,
      "initial": false,
      "entry": false,
      "recorded": false,
      "size": 40147,
      "sizes": {
        "javascript": 40147
      },
      "names": [],
      "idHints": [],
      "runtime": [
        "@openmrs/esm-patient-allergies-app",
        "main"
      ],
      "files": [
        "301.js"
      ],
      "auxiliaryFiles": [
        "301.js.map"
      ],
      "hash": "7ae9fa5572040c1b",
      "childrenByOrder": {}
    },
    {
      "rendered": true,
      "initial": false,
      "entry": false,
      "recorded": false,
      "size": 480,
      "sizes": {
        "javascript": 480
      },
      "names": [],
      "idHints": [],
      "runtime": [
        "@openmrs/esm-patient-allergies-app",
        "main"
      ],
      "files": [
        "303.js"
      ],
      "auxiliaryFiles": [
        "303.js.map"
      ],
      "hash": "a301595b60a50419",
      "childrenByOrder": {}
    },
    {
      "rendered": true,
      "initial": false,
      "entry": false,
      "recorded": false,
      "size": 1659,
      "sizes": {
        "javascript": 1659
      },
      "names": [],
      "idHints": [],
      "runtime": [
        "@openmrs/esm-patient-allergies-app",
        "main"
      ],
      "files": [
        "319.js"
      ],
      "auxiliaryFiles": [],
      "hash": "9715125cae94922a",
      "childrenByOrder": {}
    },
    {
      "rendered": false,
      "initial": false,
      "entry": false,
      "recorded": false,
      "reason": "split chunk (cache group: default)",
      "size": 42,
      "sizes": {
        "consume-shared": 42
      },
      "names": [],
      "idHints": [],
      "runtime": [
        "@openmrs/esm-patient-allergies-app",
        "main"
      ],
      "files": [],
      "auxiliaryFiles": [],
      "hash": "c1e3fcdd2f0d1b41",
      "childrenByOrder": {}
    },
    {
      "rendered": true,
      "initial": false,
      "entry": false,
      "recorded": false,
      "size": 1430,
      "sizes": {
        "javascript": 1430
      },
      "names": [],
      "idHints": [],
      "runtime": [
        "@openmrs/esm-patient-allergies-app",
        "main"
      ],
      "files": [
        "460.js"
      ],
      "auxiliaryFiles": [],
      "hash": "4e6c956c60955aed",
      "childrenByOrder": {}
    },
    {
      "rendered": true,
      "initial": false,
      "entry": false,
      "recorded": false,
      "size": 34220,
      "sizes": {
        "javascript": 34220
      },
      "names": [],
      "idHints": [],
      "runtime": [
        "@openmrs/esm-patient-allergies-app",
        "main"
      ],
      "files": [
        "489.js"
      ],
      "auxiliaryFiles": [
        "489.js.map"
      ],
      "hash": "a08e54fc44da31d6",
      "childrenByOrder": {}
    },
    {
      "rendered": true,
      "initial": false,
      "entry": false,
      "recorded": false,
      "size": 1488,
      "sizes": {
        "javascript": 1488
      },
      "names": [],
      "idHints": [],
      "runtime": [
        "@openmrs/esm-patient-allergies-app",
        "main"
      ],
      "files": [
        "574.js"
      ],
      "auxiliaryFiles": [],
      "hash": "a62c7bd05c1bdbcc",
      "childrenByOrder": {}
    },
    {
      "rendered": false,
      "initial": false,
      "entry": false,
      "recorded": false,
      "reason": "reused as split chunk (cache group: default)",
      "size": 126,
      "sizes": {
        "consume-shared": 126
      },
      "names": [],
      "idHints": [],
      "runtime": [
        "@openmrs/esm-patient-allergies-app",
        "main"
      ],
      "files": [],
      "auxiliaryFiles": [],
      "hash": "59c11b876723d806",
      "childrenByOrder": {}
    },
    {
      "rendered": true,
      "initial": false,
      "entry": false,
      "recorded": false,
      "reason": "reused as split chunk (cache group: defaultVendors)",
      "size": 251616,
      "sizes": {
        "javascript": 251616
      },
      "names": [],
      "idHints": [
        "vendors"
      ],
      "runtime": [
        "@openmrs/esm-patient-allergies-app",
        "main"
      ],
      "files": [
        "591.js"
      ],
      "auxiliaryFiles": [
        "591.js.map"
      ],
      "hash": "4b1f845e46c0b44d",
      "childrenByOrder": {}
    },
    {
      "rendered": true,
      "initial": false,
      "entry": false,
      "recorded": false,
      "reason": "split chunk (cache group: defaultVendors)",
      "size": 94603,
      "sizes": {
        "javascript": 94603
      },
      "names": [],
      "idHints": [
        "vendors"
      ],
      "runtime": [
        "@openmrs/esm-patient-allergies-app",
        "main"
      ],
      "files": [
        "614.js"
      ],
      "auxiliaryFiles": [
        "614.js.map"
      ],
      "hash": "a3374a4804097ee3",
      "childrenByOrder": {}
    },
    {
      "rendered": true,
      "initial": false,
      "entry": false,
      "recorded": false,
      "size": 952,
      "sizes": {
        "javascript": 952
      },
      "names": [],
      "idHints": [],
      "runtime": [
        "@openmrs/esm-patient-allergies-app",
        "main"
      ],
      "files": [
        "644.js"
      ],
      "auxiliaryFiles": [],
      "hash": "5b93a393af4b9187",
      "childrenByOrder": {}
    },
    {
      "rendered": true,
      "initial": false,
      "entry": false,
      "recorded": false,
      "reason": "reused as split chunk (cache group: default)",
      "size": 119199,
      "sizes": {
        "javascript": 119115,
        "consume-shared": 84
      },
      "names": [],
      "idHints": [],
      "runtime": [
        "@openmrs/esm-patient-allergies-app",
        "main"
      ],
      "files": [
        "701.js"
      ],
      "auxiliaryFiles": [
        "701.js.map"
      ],
      "hash": "4f236dcb2ccbc38f",
      "childrenByOrder": {}
    },
    {
      "rendered": true,
      "initial": false,
      "entry": false,
      "recorded": false,
      "reason": "reused as split chunk (cache group: defaultVendors)",
      "size": 25530,
      "sizes": {
        "javascript": 25530
      },
      "names": [],
      "idHints": [
        "vendors"
      ],
      "runtime": [
        "@openmrs/esm-patient-allergies-app",
        "main"
      ],
      "files": [
        "729.js"
      ],
      "auxiliaryFiles": [
        "729.js.map"
      ],
      "hash": "4832ae01b7d05bb5",
      "childrenByOrder": {}
    },
    {
      "rendered": true,
      "initial": false,
      "entry": false,
      "recorded": false,
      "size": 1709,
      "sizes": {
        "javascript": 1709
      },
      "names": [],
      "idHints": [],
      "runtime": [
        "@openmrs/esm-patient-allergies-app",
        "main"
      ],
      "files": [
        "757.js"
      ],
      "auxiliaryFiles": [],
      "hash": "113392657dd61c37",
      "childrenByOrder": {}
    },
    {
      "rendered": true,
      "initial": false,
      "entry": false,
      "recorded": false,
      "size": 7103,
      "sizes": {
        "javascript": 7103
      },
      "names": [],
      "idHints": [],
      "runtime": [
        "@openmrs/esm-patient-allergies-app",
        "main"
      ],
      "files": [
        "784.js"
      ],
      "auxiliaryFiles": [
        "784.js.map"
      ],
      "hash": "560e7da3ee89e039",
      "childrenByOrder": {}
    },
    {
      "rendered": true,
      "initial": false,
      "entry": false,
      "recorded": false,
      "size": 1488,
      "sizes": {
        "javascript": 1488
      },
      "names": [],
      "idHints": [],
      "runtime": [
        "@openmrs/esm-patient-allergies-app",
        "main"
      ],
      "files": [
        "788.js"
      ],
      "auxiliaryFiles": [],
      "hash": "8f69a8d95a4b0bbb",
      "childrenByOrder": {}
    },
    {
      "rendered": true,
      "initial": false,
      "entry": false,
      "recorded": false,
      "size": 1585,
      "sizes": {
        "javascript": 1585
      },
      "names": [],
      "idHints": [],
      "runtime": [
        "@openmrs/esm-patient-allergies-app",
        "main"
      ],
      "files": [
        "807.js"
      ],
      "auxiliaryFiles": [],
      "hash": "0eddc943ddc25652",
      "childrenByOrder": {}
    },
    {
      "rendered": true,
      "initial": false,
      "entry": false,
      "recorded": false,
      "size": 1360,
      "sizes": {
        "javascript": 1360
      },
      "names": [],
      "idHints": [],
      "runtime": [
        "@openmrs/esm-patient-allergies-app",
        "main"
      ],
      "files": [
        "833.js"
      ],
      "auxiliaryFiles": [],
      "hash": "25d547cefc532b50",
      "childrenByOrder": {}
    },
    {
      "rendered": true,
      "initial": false,
      "entry": false,
      "recorded": false,
      "size": 30251,
      "sizes": {
        "javascript": 30251
      },
      "names": [],
      "idHints": [],
      "runtime": [
        "@openmrs/esm-patient-allergies-app"
      ],
      "files": [
        "863.js"
      ],
      "auxiliaryFiles": [
        "863.js.map"
      ],
      "hash": "06d49cec4acac0ca",
      "childrenByOrder": {}
    },
    {
      "rendered": false,
      "initial": false,
      "entry": false,
      "recorded": false,
      "reason": "reused as split chunk (cache group: default)",
      "size": 42,
      "sizes": {
        "consume-shared": 42
      },
      "names": [],
      "idHints": [],
      "runtime": [
        "@openmrs/esm-patient-allergies-app",
        "main"
      ],
      "files": [],
      "auxiliaryFiles": [],
      "hash": "56512d96e4e65cf7",
      "childrenByOrder": {}
    },
    {
      "rendered": true,
      "initial": false,
      "entry": false,
      "recorded": false,
      "reason": "split chunk (cache group: defaultVendors)",
      "size": 232387,
      "sizes": {
        "javascript": 232387
      },
      "names": [],
      "idHints": [
        "vendors"
      ],
      "runtime": [
        "@openmrs/esm-patient-allergies-app",
        "main"
      ],
      "files": [
        "940.js"
      ],
      "auxiliaryFiles": [
        "940.js.map"
      ],
      "hash": "19a356ae0abd1821",
      "childrenByOrder": {}
    }
  ]
}