{"$schema":"https://json.openmrs.org/routes.schema.json","backendDependencies":{"fhir2":">=1.2","webservices.rest":"^2.2.0"},"extensions":[{"name":"allergy-tile","component":"allergyTile","slot":"patient-details-header-slot","online":true,"offline":true,"order":3},{"name":"allergies-details-widget","component":"allergiesDetailedSummary","slot":"patient-chart-allergies-dashboard-slot","online":true,"offline":true,"meta":{"columnSpan":4}},{"name":"allergies-summary-dashboard","component":"allergiesDashboardLink","slot":"patient-chart-dashboard-slot","online":true,"offline":true,"order":6,"meta":{"columns":1,"slot":"patient-chart-allergies-dashboard-slot","path":"Allergies"}}],"version":"7.0.2-pre.4030"}