{
  "chunks": [
    {
      "rendered": true,
      "initial": false,
      "entry": false,
      "recorded": false,
      "size": 39799,
      "sizes": {
        "javascript": 39799
      },
      "names": [],
      "idHints": [],
      "runtime": [
        "@openmrs/esm-patient-medications-app",
        "main"
      ],
      "files": [
        "36.js"
      ],
      "auxiliaryFiles": [
        "36.js.map"
      ],
      "hash": "1432aa8e682a9cf0",
      "childrenByOrder": {}
    },
    {
      "rendered": true,
      "initial": false,
      "entry": false,
      "recorded": false,
      "size": 78810,
      "sizes": {
        "javascript": 78768,
        "consume-shared": 42
      },
      "names": [],
      "idHints": [],
      "runtime": [
        "@openmrs/esm-patient-medications-app"
      ],
      "files": [
        "76.js"
      ],
      "auxiliaryFiles": [
        "76.js.map"
      ],
      "hash": "b14c36365eee1016",
      "childrenByOrder": {}
    },
    {
      "rendered": true,
      "initial": false,
      "entry": false,
      "recorded": false,
      "reason": "reused as split chunk (cache group: defaultVendors)",
      "size": 1215387,
      "sizes": {
        "javascript": 1215387
      },
      "names": [],
      "idHints": [
        "vendors"
      ],
      "runtime": [
        "@openmrs/esm-patient-medications-app",
        "main"
      ],
      "files": [
        "130.js"
      ],
      "auxiliaryFiles": [
        "130.js.map"
      ],
      "hash": "7a987fc901c11ac1",
      "childrenByOrder": {}
    },
    {
      "rendered": true,
      "initial": false,
      "entry": false,
      "recorded": false,
      "size": 480,
      "sizes": {
        "javascript": 480
      },
      "names": [],
      "idHints": [],
      "runtime": [
        "@openmrs/esm-patient-medications-app",
        "main"
      ],
      "files": [
        "152.js"
      ],
      "auxiliaryFiles": [
        "152.js.map"
      ],
      "hash": "61cf2fa35e7871ee",
      "childrenByOrder": {}
    },
    {
      "rendered": true,
      "initial": true,
      "entry": true,
      "recorded": false,
      "size": 2818493,
      "sizes": {
        "consume-shared": 294,
        "javascript": 2796265,
        "share-init": 336,
        "runtime": 21598
      },
      "names": [
        "main"
      ],
      "idHints": [],
      "runtime": [
        "main"
      ],
      "files": [
        "main.js"
      ],
      "auxiliaryFiles": [
        "main.js.map"
      ],
      "hash": "1221d5089805a11e",
      "childrenByOrder": {}
    },
    {
      "rendered": true,
      "initial": false,
      "entry": false,
      "recorded": false,
      "reason": "split chunk (cache group: defaultVendors)",
      "size": 158258,
      "sizes": {
        "javascript": 158258
      },
      "names": [],
      "idHints": [
        "vendors"
      ],
      "runtime": [
        "@openmrs/esm-patient-medications-app"
      ],
      "files": [
        "233.js"
      ],
      "auxiliaryFiles": [
        "233.js.map"
      ],
      "hash": "36b2d0ab88ac2bea",
      "childrenByOrder": {}
    },
    {
      "rendered": true,
      "initial": false,
      "entry": false,
      "recorded": false,
      "reason": "split chunk (cache group: defaultVendors)",
      "size": 87466,
      "sizes": {
        "javascript": 87466
      },
      "names": [],
      "idHints": [
        "vendors"
      ],
      "runtime": [
        "@openmrs/esm-patient-medications-app",
        "main"
      ],
      "files": [
        "245.js"
      ],
      "auxiliaryFiles": [
        "245.js.map"
      ],
      "hash": "dfd6771d6520fcb8",
      "childrenByOrder": {}
    },
    {
      "rendered": true,
      "initial": false,
      "entry": false,
      "recorded": false,
      "reason": "split chunk (cache group: defaultVendors)",
      "size": 25337,
      "sizes": {
        "javascript": 25337
      },
      "names": [],
      "idHints": [
        "vendors"
      ],
      "runtime": [
        "@openmrs/esm-patient-medications-app",
        "main"
      ],
      "files": [
        "255.js"
      ],
      "auxiliaryFiles": [
        "255.js.map"
      ],
      "hash": "06720423df249c36",
      "childrenByOrder": {}
    },
    {
      "rendered": false,
      "initial": false,
      "entry": false,
      "recorded": false,
      "reason": "reused as split chunk (cache group: default)",
      "size": 42,
      "sizes": {
        "consume-shared": 42
      },
      "names": [],
      "idHints": [],
      "runtime": [
        "@openmrs/esm-patient-medications-app",
        "main"
      ],
      "files": [],
      "auxiliaryFiles": [],
      "hash": "813bdd5f27a6f2b1",
      "childrenByOrder": {}
    },
    {
      "rendered": true,
      "initial": false,
      "entry": false,
      "recorded": false,
      "size": 2472,
      "sizes": {
        "javascript": 2472
      },
      "names": [],
      "idHints": [],
      "runtime": [
        "@openmrs/esm-patient-medications-app",
        "main"
      ],
      "files": [
        "271.js"
      ],
      "auxiliaryFiles": [],
      "hash": "0dbdb2f49c397b4e",
      "childrenByOrder": {}
    },
    {
      "rendered": true,
      "initial": false,
      "entry": false,
      "recorded": false,
      "size": 40147,
      "sizes": {
        "javascript": 40147
      },
      "names": [],
      "idHints": [],
      "runtime": [
        "@openmrs/esm-patient-medications-app",
        "main"
      ],
      "files": [
        "301.js"
      ],
      "auxiliaryFiles": [
        "301.js.map"
      ],
      "hash": "dcc85b4971ef2ce0",
      "childrenByOrder": {}
    },
    {
      "rendered": true,
      "initial": false,
      "entry": false,
      "recorded": false,
      "size": 480,
      "sizes": {
        "javascript": 480
      },
      "names": [],
      "idHints": [],
      "runtime": [
        "@openmrs/esm-patient-medications-app",
        "main"
      ],
      "files": [
        "303.js"
      ],
      "auxiliaryFiles": [
        "303.js.map"
      ],
      "hash": "07a21ce2634ccce6",
      "childrenByOrder": {}
    },
    {
      "rendered": true,
      "initial": false,
      "entry": false,
      "recorded": false,
      "size": 3494,
      "sizes": {
        "javascript": 3494
      },
      "names": [],
      "idHints": [],
      "runtime": [
        "@openmrs/esm-patient-medications-app",
        "main"
      ],
      "files": [
        "319.js"
      ],
      "auxiliaryFiles": [],
      "hash": "0b392972c50dfb11",
      "childrenByOrder": {}
    },
    {
      "rendered": false,
      "initial": false,
      "entry": false,
      "recorded": false,
      "reason": "split chunk (cache group: default)",
      "size": 42,
      "sizes": {
        "consume-shared": 42
      },
      "names": [],
      "idHints": [],
      "runtime": [
        "@openmrs/esm-patient-medications-app",
        "main"
      ],
      "files": [],
      "auxiliaryFiles": [],
      "hash": "38403fcb7af201f3",
      "childrenByOrder": {}
    },
    {
      "rendered": true,
      "initial": false,
      "entry": false,
      "recorded": false,
      "size": 49932,
      "sizes": {
        "javascript": 49932
      },
      "names": [],
      "idHints": [],
      "runtime": [
        "@openmrs/esm-patient-medications-app",
        "main"
      ],
      "files": [
        "333.js"
      ],
      "auxiliaryFiles": [
        "333.js.map"
      ],
      "hash": "903b8c25442889c7",
      "childrenByOrder": {}
    },
    {
      "rendered": true,
      "initial": true,
      "entry": true,
      "recorded": false,
      "size": 21517,
      "sizes": {
        "javascript": 42,
        "share-init": 336,
        "runtime": 21139
      },
      "names": [
        "@openmrs/esm-patient-medications-app"
      ],
      "idHints": [],
      "runtime": [
        "@openmrs/esm-patient-medications-app"
      ],
      "files": [
        "openmrs-esm-patient-medications-app.js"
      ],
      "auxiliaryFiles": [
        "openmrs-esm-patient-medications-app.js.map"
      ],
      "hash": "b70afd4828c8e086",
      "childrenByOrder": {}
    },
    {
      "rendered": true,
      "initial": false,
      "entry": false,
      "recorded": false,
      "size": 3199,
      "sizes": {
        "javascript": 3199
      },
      "names": [],
      "idHints": [],
      "runtime": [
        "@openmrs/esm-patient-medications-app",
        "main"
      ],
      "files": [
        "460.js"
      ],
      "auxiliaryFiles": [],
      "hash": "16aaccfb721a87cf",
      "childrenByOrder": {}
    },
    {
      "rendered": true,
      "initial": false,
      "entry": false,
      "recorded": false,
      "size": 119995,
      "sizes": {
        "javascript": 119995
      },
      "names": [],
      "idHints": [],
      "runtime": [
        "@openmrs/esm-patient-medications-app",
        "main"
      ],
      "files": [
        "472.js"
      ],
      "auxiliaryFiles": [
        "472.js.map"
      ],
      "hash": "21edf66750e97e3d",
      "childrenByOrder": {}
    },
    {
      "rendered": true,
      "initial": false,
      "entry": false,
      "recorded": false,
      "size": 3388,
      "sizes": {
        "javascript": 3388
      },
      "names": [],
      "idHints": [],
      "runtime": [
        "@openmrs/esm-patient-medications-app",
        "main"
      ],
      "files": [
        "574.js"
      ],
      "auxiliaryFiles": [],
      "hash": "43a0b3d2ebffe874",
      "childrenByOrder": {}
    },
    {
      "rendered": true,
      "initial": false,
      "entry": false,
      "recorded": false,
      "reason": "reused as split chunk (cache group: defaultVendors)",
      "size": 251616,
      "sizes": {
        "javascript": 251616
      },
      "names": [],
      "idHints": [
        "vendors"
      ],
      "runtime": [
        "@openmrs/esm-patient-medications-app",
        "main"
      ],
      "files": [
        "591.js"
      ],
      "auxiliaryFiles": [
        "591.js.map"
      ],
      "hash": "3c3cb516eff1f479",
      "childrenByOrder": {}
    },
    {
      "rendered": true,
      "initial": false,
      "entry": false,
      "recorded": false,
      "size": 2472,
      "sizes": {
        "javascript": 2472
      },
      "names": [],
      "idHints": [],
      "runtime": [
        "@openmrs/esm-patient-medications-app",
        "main"
      ],
      "files": [
        "644.js"
      ],
      "auxiliaryFiles": [],
      "hash": "fa300dc4ec76da94",
      "childrenByOrder": {}
    },
    {
      "rendered": true,
      "initial": false,
      "entry": false,
      "recorded": false,
      "reason": "reused as split chunk (cache group: defaultVendors)",
      "size": 25530,
      "sizes": {
        "javascript": 25530
      },
      "names": [],
      "idHints": [
        "vendors"
      ],
      "runtime": [
        "@openmrs/esm-patient-medications-app",
        "main"
      ],
      "files": [
        "729.js"
      ],
      "auxiliaryFiles": [
        "729.js.map"
      ],
      "hash": "34bb201aaf49ba4f",
      "childrenByOrder": {}
    },
    {
      "rendered": true,
      "initial": false,
      "entry": false,
      "recorded": false,
      "size": 3146,
      "sizes": {
        "javascript": 3146
      },
      "names": [],
      "idHints": [],
      "runtime": [
        "@openmrs/esm-patient-medications-app",
        "main"
      ],
      "files": [
        "757.js"
      ],
      "auxiliaryFiles": [],
      "hash": "48c66dcb30e9459b",
      "childrenByOrder": {}
    },
    {
      "rendered": true,
      "initial": false,
      "entry": false,
      "recorded": false,
      "size": 7103,
      "sizes": {
        "javascript": 7103
      },
      "names": [],
      "idHints": [],
      "runtime": [
        "@openmrs/esm-patient-medications-app",
        "main"
      ],
      "files": [
        "784.js"
      ],
      "auxiliaryFiles": [
        "784.js.map"
      ],
      "hash": "2abcb3292eb14ddb",
      "childrenByOrder": {}
    },
    {
      "rendered": true,
      "initial": false,
      "entry": false,
      "recorded": false,
      "size": 3068,
      "sizes": {
        "javascript": 3068
      },
      "names": [],
      "idHints": [],
      "runtime": [
        "@openmrs/esm-patient-medications-app",
        "main"
      ],
      "files": [
        "788.js"
      ],
      "auxiliaryFiles": [],
      "hash": "ecca75f0c572f751",
      "childrenByOrder": {}
    },
    {
      "rendered": true,
      "initial": false,
      "entry": false,
      "recorded": false,
      "size": 3237,
      "sizes": {
        "javascript": 3237
      },
      "names": [],
      "idHints": [],
      "runtime": [
        "@openmrs/esm-patient-medications-app",
        "main"
      ],
      "files": [
        "807.js"
      ],
      "auxiliaryFiles": [],
      "hash": "8f7009087e38d677",
      "childrenByOrder": {}
    },
    {
      "rendered": true,
      "initial": false,
      "entry": false,
      "recorded": false,
      "reason": "reused as split chunk (cache group: default)",
      "size": 119631,
      "sizes": {
        "javascript": 119547,
        "consume-shared": 84
      },
      "names": [],
      "idHints": [],
      "runtime": [
        "@openmrs/esm-patient-medications-app",
        "main"
      ],
      "files": [
        "832.js"
      ],
      "auxiliaryFiles": [
        "832.js.map"
      ],
      "hash": "4f8cb24c340f68ab",
      "childrenByOrder": {}
    },
    {
      "rendered": true,
      "initial": false,
      "entry": false,
      "recorded": false,
      "size": 2997,
      "sizes": {
        "javascript": 2997
      },
      "names": [],
      "idHints": [],
      "runtime": [
        "@openmrs/esm-patient-medications-app",
        "main"
      ],
      "files": [
        "833.js"
      ],
      "auxiliaryFiles": [],
      "hash": "ebf14a9b68c0544e",
      "childrenByOrder": {}
    },
    {
      "rendered": false,
      "initial": false,
      "entry": false,
      "recorded": false,
      "reason": "split chunk (cache group: default)",
      "size": 168,
      "sizes": {
        "consume-shared": 168
      },
      "names": [],
      "idHints": [],
      "runtime": [
        "@openmrs/esm-patient-medications-app",
        "main"
      ],
      "files": [],
      "auxiliaryFiles": [],
      "hash": "ab9599db5d6d64a9",
      "childrenByOrder": {}
    },
    {
      "rendered": true,
      "initial": false,
      "entry": false,
      "recorded": false,
      "size": 1918,
      "sizes": {
        "javascript": 1918
      },
      "names": [],
      "idHints": [],
      "runtime": [
        "@openmrs/esm-patient-medications-app",
        "main"
      ],
      "files": [
        "867.js"
      ],
      "auxiliaryFiles": [
        "867.js.map"
      ],
      "hash": "7117645874769776",
      "childrenByOrder": {}
    },
    {
      "rendered": true,
      "initial": false,
      "entry": false,
      "recorded": false,
      "size": 7160,
      "sizes": {
        "javascript": 7160
      },
      "names": [],
      "idHints": [],
      "runtime": [
        "@openmrs/esm-patient-medications-app",
        "main"
      ],
      "files": [
        "879.js"
      ],
      "auxiliaryFiles": [
        "879.js.map"
      ],
      "hash": "3a0d2ca1d37a1bb0",
      "childrenByOrder": {}
    },
    {
      "rendered": true,
      "initial": false,
      "entry": false,
      "recorded": false,
      "reason": "split chunk (cache group: defaultVendors)",
      "size": 2533902,
      "sizes": {
        "javascript": 2533902
      },
      "names": [],
      "idHints": [
        "vendors"
      ],
      "runtime": [
        "@openmrs/esm-patient-medications-app",
        "main"
      ],
      "files": [
        "898.js"
      ],
      "auxiliaryFiles": [
        "898.js.map"
      ],
      "hash": "88c2a6d6b376b88a",
      "childrenByOrder": {}
    },
    {
      "rendered": true,
      "initial": false,
      "entry": false,
      "recorded": false,
      "reason": "split chunk (cache group: defaultVendors)",
      "size": 232387,
      "sizes": {
        "javascript": 232387
      },
      "names": [],
      "idHints": [
        "vendors"
      ],
      "runtime": [
        "@openmrs/esm-patient-medications-app",
        "main"
      ],
      "files": [
        "940.js"
      ],
      "auxiliaryFiles": [
        "940.js.map"
      ],
      "hash": "a4fc6d13ff570678",
      "childrenByOrder": {}
    }
  ]
}