{
  "chunks": [
    {
      "rendered": true,
      "initial": false,
      "entry": false,
      "recorded": false,
      "reason": "reused as split chunk (cache group: defaultVendors)",
      "size": 1215387,
      "sizes": {
        "javascript": 1215387
      },
      "names": [],
      "idHints": [
        "vendors"
      ],
      "runtime": [
        "@openmrs/esm-patient-lists-app",
        "main"
      ],
      "files": [
        "130.js"
      ],
      "auxiliaryFiles": [
        "130.js.map"
      ],
      "hash": "23968b28f24e6453",
      "childrenByOrder": {}
    },
    {
      "rendered": true,
      "initial": false,
      "entry": false,
      "recorded": false,
      "size": 480,
      "sizes": {
        "javascript": 480
      },
      "names": [],
      "idHints": [],
      "runtime": [
        "@openmrs/esm-patient-lists-app",
        "main"
      ],
      "files": [
        "152.js"
      ],
      "auxiliaryFiles": [
        "152.js.map"
      ],
      "hash": "39c46c6930e0b33f",
      "childrenByOrder": {}
    },
    {
      "rendered": true,
      "initial": true,
      "entry": true,
      "recorded": false,
      "size": 162935,
      "sizes": {
        "consume-shared": 168,
        "javascript": 141088,
        "share-init": 294,
        "runtime": 21385
      },
      "names": [
        "main"
      ],
      "idHints": [],
      "runtime": [
        "main"
      ],
      "files": [
        "main.js"
      ],
      "auxiliaryFiles": [
        "main.js.map"
      ],
      "hash": "74cef848526ff8f5",
      "childrenByOrder": {}
    },
    {
      "rendered": true,
      "initial": false,
      "entry": false,
      "recorded": false,
      "size": 34048,
      "sizes": {
        "javascript": 34048
      },
      "names": [],
      "idHints": [],
      "runtime": [
        "@openmrs/esm-patient-lists-app",
        "main"
      ],
      "files": [
        "205.js"
      ],
      "auxiliaryFiles": [
        "205.js.map"
      ],
      "hash": "350947b992ab8b48",
      "childrenByOrder": {}
    },
    {
      "rendered": true,
      "initial": false,
      "entry": false,
      "recorded": false,
      "reason": "split chunk (cache group: defaultVendors)",
      "size": 1553582,
      "sizes": {
        "javascript": 1553582
      },
      "names": [],
      "idHints": [
        "vendors"
      ],
      "runtime": [
        "@openmrs/esm-patient-lists-app",
        "main"
      ],
      "files": [
        "242.js"
      ],
      "auxiliaryFiles": [
        "242.js.map"
      ],
      "hash": "e3824871c4735e83",
      "childrenByOrder": {}
    },
    {
      "rendered": true,
      "initial": false,
      "entry": false,
      "recorded": false,
      "reason": "split chunk (cache group: defaultVendors)",
      "size": 25337,
      "sizes": {
        "javascript": 25337
      },
      "names": [],
      "idHints": [
        "vendors"
      ],
      "runtime": [
        "@openmrs/esm-patient-lists-app",
        "main"
      ],
      "files": [
        "255.js"
      ],
      "auxiliaryFiles": [
        "255.js.map"
      ],
      "hash": "1b94ff51b58035e1",
      "childrenByOrder": {}
    },
    {
      "rendered": false,
      "initial": false,
      "entry": false,
      "recorded": false,
      "reason": "reused as split chunk (cache group: default)",
      "size": 42,
      "sizes": {
        "consume-shared": 42
      },
      "names": [],
      "idHints": [],
      "runtime": [
        "@openmrs/esm-patient-lists-app",
        "main"
      ],
      "files": [],
      "auxiliaryFiles": [],
      "hash": "b1660c614e41506b",
      "childrenByOrder": {}
    },
    {
      "rendered": true,
      "initial": false,
      "entry": false,
      "recorded": false,
      "size": 411,
      "sizes": {
        "javascript": 411
      },
      "names": [],
      "idHints": [],
      "runtime": [
        "@openmrs/esm-patient-lists-app",
        "main"
      ],
      "files": [
        "271.js"
      ],
      "auxiliaryFiles": [],
      "hash": "85225f5c1247f6bc",
      "childrenByOrder": {}
    },
    {
      "rendered": true,
      "initial": false,
      "entry": false,
      "recorded": false,
      "size": 480,
      "sizes": {
        "javascript": 480
      },
      "names": [],
      "idHints": [],
      "runtime": [
        "@openmrs/esm-patient-lists-app",
        "main"
      ],
      "files": [
        "303.js"
      ],
      "auxiliaryFiles": [
        "303.js.map"
      ],
      "hash": "85fc6698039dc6e0",
      "childrenByOrder": {}
    },
    {
      "rendered": true,
      "initial": false,
      "entry": false,
      "recorded": false,
      "size": 701,
      "sizes": {
        "javascript": 701
      },
      "names": [],
      "idHints": [],
      "runtime": [
        "@openmrs/esm-patient-lists-app",
        "main"
      ],
      "files": [
        "319.js"
      ],
      "auxiliaryFiles": [],
      "hash": "00a0c8374fe753af",
      "childrenByOrder": {}
    },
    {
      "rendered": true,
      "initial": false,
      "entry": false,
      "recorded": false,
      "size": 2706,
      "sizes": {
        "consume-shared": 42,
        "javascript": 2664
      },
      "names": [],
      "idHints": [],
      "runtime": [
        "@openmrs/esm-patient-lists-app"
      ],
      "files": [
        "325.js"
      ],
      "auxiliaryFiles": [
        "325.js.map"
      ],
      "hash": "be5ddee003f13124",
      "childrenByOrder": {}
    },
    {
      "rendered": true,
      "initial": false,
      "entry": false,
      "recorded": false,
      "size": 27444,
      "sizes": {
        "javascript": 27444
      },
      "names": [],
      "idHints": [],
      "runtime": [
        "@openmrs/esm-patient-lists-app",
        "main"
      ],
      "files": [
        "328.js"
      ],
      "auxiliaryFiles": [
        "328.js.map"
      ],
      "hash": "49ffa17420bd7b6f",
      "childrenByOrder": {}
    },
    {
      "rendered": true,
      "initial": false,
      "entry": false,
      "recorded": false,
      "reason": "split chunk (cache group: defaultVendors)",
      "size": 138424,
      "sizes": {
        "javascript": 138424
      },
      "names": [],
      "idHints": [
        "vendors"
      ],
      "runtime": [
        "@openmrs/esm-patient-lists-app",
        "main"
      ],
      "files": [
        "362.js"
      ],
      "auxiliaryFiles": [
        "362.js.map"
      ],
      "hash": "368010567ff44b11",
      "childrenByOrder": {}
    },
    {
      "rendered": false,
      "initial": false,
      "entry": false,
      "recorded": false,
      "reason": "split chunk (cache group: default)",
      "size": 84,
      "sizes": {
        "consume-shared": 84
      },
      "names": [],
      "idHints": [],
      "runtime": [
        "@openmrs/esm-patient-lists-app",
        "main"
      ],
      "files": [],
      "auxiliaryFiles": [],
      "hash": "486932cc2c437157",
      "childrenByOrder": {}
    },
    {
      "rendered": true,
      "initial": false,
      "entry": false,
      "recorded": false,
      "size": 591,
      "sizes": {
        "javascript": 591
      },
      "names": [],
      "idHints": [],
      "runtime": [
        "@openmrs/esm-patient-lists-app",
        "main"
      ],
      "files": [
        "460.js"
      ],
      "auxiliaryFiles": [],
      "hash": "557e9e5dc75b109d",
      "childrenByOrder": {}
    },
    {
      "rendered": true,
      "initial": false,
      "entry": false,
      "recorded": false,
      "reason": "reused as split chunk (cache group: defaultVendors)",
      "size": 40147,
      "sizes": {
        "javascript": 40147
      },
      "names": [],
      "idHints": [
        "vendors"
      ],
      "runtime": [
        "@openmrs/esm-patient-lists-app",
        "main"
      ],
      "files": [
        "553.js"
      ],
      "auxiliaryFiles": [
        "553.js.map"
      ],
      "hash": "f232828ae69c9bca",
      "childrenByOrder": {}
    },
    {
      "rendered": true,
      "initial": false,
      "entry": false,
      "recorded": false,
      "size": 592,
      "sizes": {
        "javascript": 592
      },
      "names": [],
      "idHints": [],
      "runtime": [
        "@openmrs/esm-patient-lists-app",
        "main"
      ],
      "files": [
        "574.js"
      ],
      "auxiliaryFiles": [],
      "hash": "0cc5dfd595c681d7",
      "childrenByOrder": {}
    },
    {
      "rendered": true,
      "initial": false,
      "entry": false,
      "recorded": false,
      "reason": "reused as split chunk (cache group: defaultVendors)",
      "size": 251616,
      "sizes": {
        "javascript": 251616
      },
      "names": [],
      "idHints": [
        "vendors"
      ],
      "runtime": [
        "@openmrs/esm-patient-lists-app",
        "main"
      ],
      "files": [
        "591.js"
      ],
      "auxiliaryFiles": [
        "591.js.map"
      ],
      "hash": "dc8e8ae085736c3a",
      "childrenByOrder": {}
    },
    {
      "rendered": true,
      "initial": true,
      "entry": true,
      "recorded": false,
      "size": 21304,
      "sizes": {
        "javascript": 42,
        "share-init": 294,
        "runtime": 20968
      },
      "names": [
        "@openmrs/esm-patient-lists-app"
      ],
      "idHints": [],
      "runtime": [
        "@openmrs/esm-patient-lists-app"
      ],
      "files": [
        "openmrs-esm-patient-lists-app.js"
      ],
      "auxiliaryFiles": [
        "openmrs-esm-patient-lists-app.js.map"
      ],
      "hash": "785ba98fed3f512e",
      "childrenByOrder": {}
    },
    {
      "rendered": true,
      "initial": false,
      "entry": false,
      "recorded": false,
      "reason": "split chunk (cache group: defaultVendors)",
      "size": 94603,
      "sizes": {
        "javascript": 94603
      },
      "names": [],
      "idHints": [
        "vendors"
      ],
      "runtime": [
        "@openmrs/esm-patient-lists-app",
        "main"
      ],
      "files": [
        "614.js"
      ],
      "auxiliaryFiles": [
        "614.js.map"
      ],
      "hash": "825d362a6487dd7a",
      "childrenByOrder": {}
    },
    {
      "rendered": true,
      "initial": false,
      "entry": false,
      "recorded": false,
      "size": 411,
      "sizes": {
        "javascript": 411
      },
      "names": [],
      "idHints": [],
      "runtime": [
        "@openmrs/esm-patient-lists-app",
        "main"
      ],
      "files": [
        "644.js"
      ],
      "auxiliaryFiles": [],
      "hash": "3fdea23ff9e73184",
      "childrenByOrder": {}
    },
    {
      "rendered": true,
      "initial": false,
      "entry": false,
      "recorded": false,
      "reason": "reused as split chunk (cache group: defaultVendors)",
      "size": 25530,
      "sizes": {
        "javascript": 25530
      },
      "names": [],
      "idHints": [
        "vendors"
      ],
      "runtime": [
        "@openmrs/esm-patient-lists-app",
        "main"
      ],
      "files": [
        "729.js"
      ],
      "auxiliaryFiles": [
        "729.js.map"
      ],
      "hash": "58ccee153bdb7873",
      "childrenByOrder": {}
    },
    {
      "rendered": true,
      "initial": false,
      "entry": false,
      "recorded": false,
      "reason": "reused as split chunk (cache group: default)",
      "size": 121069,
      "sizes": {
        "javascript": 120943,
        "consume-shared": 126
      },
      "names": [],
      "idHints": [],
      "runtime": [
        "@openmrs/esm-patient-lists-app",
        "main"
      ],
      "files": [
        "738.js"
      ],
      "auxiliaryFiles": [
        "738.js.map"
      ],
      "hash": "bd3c6efcc8078bb1",
      "childrenByOrder": {}
    },
    {
      "rendered": true,
      "initial": false,
      "entry": false,
      "recorded": false,
      "size": 669,
      "sizes": {
        "javascript": 669
      },
      "names": [],
      "idHints": [],
      "runtime": [
        "@openmrs/esm-patient-lists-app",
        "main"
      ],
      "files": [
        "757.js"
      ],
      "auxiliaryFiles": [],
      "hash": "7a0f9a8ba5fc799c",
      "childrenByOrder": {}
    },
    {
      "rendered": true,
      "initial": false,
      "entry": false,
      "recorded": false,
      "size": 7103,
      "sizes": {
        "javascript": 7103
      },
      "names": [],
      "idHints": [],
      "runtime": [
        "@openmrs/esm-patient-lists-app",
        "main"
      ],
      "files": [
        "784.js"
      ],
      "auxiliaryFiles": [
        "784.js.map"
      ],
      "hash": "827b1d14ca6da062",
      "childrenByOrder": {}
    },
    {
      "rendered": true,
      "initial": false,
      "entry": false,
      "recorded": false,
      "size": 592,
      "sizes": {
        "javascript": 592
      },
      "names": [],
      "idHints": [],
      "runtime": [
        "@openmrs/esm-patient-lists-app",
        "main"
      ],
      "files": [
        "788.js"
      ],
      "auxiliaryFiles": [],
      "hash": "e75ec467a691427d",
      "childrenByOrder": {}
    },
    {
      "rendered": false,
      "initial": false,
      "entry": false,
      "recorded": false,
      "reason": "split chunk (cache group: default)",
      "size": 42,
      "sizes": {
        "consume-shared": 42
      },
      "names": [],
      "idHints": [],
      "runtime": [
        "@openmrs/esm-patient-lists-app",
        "main"
      ],
      "files": [],
      "auxiliaryFiles": [],
      "hash": "5821f808d9193be1",
      "childrenByOrder": {}
    },
    {
      "rendered": true,
      "initial": false,
      "entry": false,
      "recorded": false,
      "size": 593,
      "sizes": {
        "javascript": 593
      },
      "names": [],
      "idHints": [],
      "runtime": [
        "@openmrs/esm-patient-lists-app",
        "main"
      ],
      "files": [
        "807.js"
      ],
      "auxiliaryFiles": [],
      "hash": "e48ad4c49db20db9",
      "childrenByOrder": {}
    },
    {
      "rendered": false,
      "initial": false,
      "entry": false,
      "recorded": false,
      "size": 42,
      "sizes": {
        "consume-shared": 42
      },
      "names": [],
      "idHints": [],
      "runtime": [
        "@openmrs/esm-patient-lists-app",
        "main"
      ],
      "files": [],
      "auxiliaryFiles": [],
      "hash": "15722ff5ceca4e08",
      "childrenByOrder": {}
    },
    {
      "rendered": true,
      "initial": false,
      "entry": false,
      "recorded": false,
      "size": 557,
      "sizes": {
        "javascript": 557
      },
      "names": [],
      "idHints": [],
      "runtime": [
        "@openmrs/esm-patient-lists-app",
        "main"
      ],
      "files": [
        "833.js"
      ],
      "auxiliaryFiles": [],
      "hash": "71a94878c68e24c8",
      "childrenByOrder": {}
    }
  ]
}