{
  "chunks": [
    {
      "rendered": true,
      "initial": true,
      "entry": true,
      "recorded": false,
      "size": 2709817,
      "sizes": {
        "consume-shared": 252,
        "javascript": 2688729,
        "share-init": 252,
        "runtime": 20584
      },
      "names": [
        "main"
      ],
      "idHints": [],
      "runtime": [
        "main"
      ],
      "files": [
        "main.js"
      ],
      "auxiliaryFiles": [
        "main.js.map"
      ],
      "hash": "5e73008657c660d7",
      "childrenByOrder": {}
    },
    {
      "rendered": true,
      "initial": false,
      "entry": false,
      "recorded": false,
      "size": 223,
      "sizes": {
        "javascript": 223
      },
      "names": [],
      "idHints": [],
      "runtime": [
        "@openmrs/esm-dispensing-app",
        "main"
      ],
      "files": [
        "271.js"
      ],
      "auxiliaryFiles": [],
      "hash": "584fed88f43a2fb7",
      "childrenByOrder": {}
    },
    {
      "rendered": true,
      "initial": false,
      "entry": false,
      "recorded": false,
      "size": 7103,
      "sizes": {
        "javascript": 7103
      },
      "names": [],
      "idHints": [],
      "runtime": [
        "@openmrs/esm-dispensing-app",
        "main"
      ],
      "files": [
        "294.js"
      ],
      "auxiliaryFiles": [
        "294.js.map"
      ],
      "hash": "a3d76aa490fd5564",
      "childrenByOrder": {}
    },
    {
      "rendered": true,
      "initial": false,
      "entry": false,
      "recorded": false,
      "size": 38898,
      "sizes": {
        "javascript": 38898
      },
      "names": [],
      "idHints": [],
      "runtime": [
        "@openmrs/esm-dispensing-app",
        "main"
      ],
      "files": [
        "326.js"
      ],
      "auxiliaryFiles": [
        "326.js.map"
      ],
      "hash": "4eceaedf2e7fb458",
      "childrenByOrder": {}
    },
    {
      "rendered": true,
      "initial": false,
      "entry": false,
      "recorded": false,
      "reason": "split chunk (cache group: defaultVendors)",
      "size": 2291868,
      "sizes": {
        "javascript": 2291868
      },
      "names": [],
      "idHints": [
        "vendors"
      ],
      "runtime": [
        "@openmrs/esm-dispensing-app"
      ],
      "files": [
        "358.js"
      ],
      "auxiliaryFiles": [
        "358.js.map"
      ],
      "hash": "6bebad7d7c924d1c",
      "childrenByOrder": {}
    },
    {
      "rendered": true,
      "initial": false,
      "entry": false,
      "recorded": false,
      "size": 6670,
      "sizes": {
        "javascript": 6670
      },
      "names": [],
      "idHints": [],
      "runtime": [
        "@openmrs/esm-dispensing-app",
        "main"
      ],
      "files": [
        "484.js"
      ],
      "auxiliaryFiles": [
        "484.js.map"
      ],
      "hash": "0bba5dcedbd2c949",
      "childrenByOrder": {}
    },
    {
      "rendered": true,
      "initial": false,
      "entry": false,
      "recorded": false,
      "size": 39248,
      "sizes": {
        "javascript": 39248
      },
      "names": [],
      "idHints": [],
      "runtime": [
        "@openmrs/esm-dispensing-app",
        "main"
      ],
      "files": [
        "559.js"
      ],
      "auxiliaryFiles": [
        "559.js.map"
      ],
      "hash": "068b9f16f6a44ca3",
      "childrenByOrder": {}
    },
    {
      "rendered": true,
      "initial": false,
      "entry": false,
      "recorded": false,
      "size": 3539,
      "sizes": {
        "javascript": 3539
      },
      "names": [],
      "idHints": [],
      "runtime": [
        "@openmrs/esm-dispensing-app",
        "main"
      ],
      "files": [
        "574.js"
      ],
      "auxiliaryFiles": [],
      "hash": "7f1ae31b129f3b50",
      "childrenByOrder": {}
    },
    {
      "rendered": false,
      "initial": false,
      "entry": false,
      "recorded": false,
      "reason": "reused as split chunk (cache group: default)",
      "size": 42,
      "sizes": {
        "consume-shared": 42
      },
      "names": [],
      "idHints": [],
      "runtime": [
        "@openmrs/esm-dispensing-app",
        "main"
      ],
      "files": [],
      "auxiliaryFiles": [],
      "hash": "98eb56b0f443991b",
      "childrenByOrder": {}
    },
    {
      "rendered": true,
      "initial": false,
      "entry": false,
      "recorded": false,
      "reason": "reused as split chunk (cache group: defaultVendors)",
      "size": 25530,
      "sizes": {
        "javascript": 25530
      },
      "names": [],
      "idHints": [
        "vendors"
      ],
      "runtime": [
        "@openmrs/esm-dispensing-app",
        "main"
      ],
      "files": [
        "753.js"
      ],
      "auxiliaryFiles": [
        "753.js.map"
      ],
      "hash": "5e2ee4c4d5b0e25d",
      "childrenByOrder": {}
    },
    {
      "rendered": true,
      "initial": false,
      "entry": false,
      "recorded": false,
      "size": 4142,
      "sizes": {
        "javascript": 4142
      },
      "names": [],
      "idHints": [],
      "runtime": [
        "@openmrs/esm-dispensing-app",
        "main"
      ],
      "files": [
        "757.js"
      ],
      "auxiliaryFiles": [],
      "hash": "667ee2e6dac79f25",
      "childrenByOrder": {}
    },
    {
      "rendered": true,
      "initial": false,
      "entry": false,
      "recorded": false,
      "reason": "reused as split chunk (cache group: defaultVendors)",
      "size": 1780736,
      "sizes": {
        "javascript": 1780736
      },
      "names": [],
      "idHints": [
        "vendors"
      ],
      "runtime": [
        "@openmrs/esm-dispensing-app",
        "main"
      ],
      "files": [
        "800.js"
      ],
      "auxiliaryFiles": [
        "800.js.map"
      ],
      "hash": "72ca23c1ad9f0669",
      "childrenByOrder": {}
    },
    {
      "rendered": true,
      "initial": false,
      "entry": false,
      "recorded": false,
      "reason": "reused as split chunk (cache group: defaultVendors)",
      "size": 137533,
      "sizes": {
        "javascript": 137533
      },
      "names": [],
      "idHints": [
        "vendors"
      ],
      "runtime": [
        "@openmrs/esm-dispensing-app",
        "main"
      ],
      "files": [
        "935.js"
      ],
      "auxiliaryFiles": [
        "935.js.map"
      ],
      "hash": "e0284797349cc9cf",
      "childrenByOrder": {}
    },
    {
      "rendered": true,
      "initial": false,
      "entry": false,
      "recorded": false,
      "size": 397071,
      "sizes": {
        "javascript": 396861,
        "consume-shared": 210
      },
      "names": [],
      "idHints": [],
      "runtime": [
        "@openmrs/esm-dispensing-app"
      ],
      "files": [
        "985.js"
      ],
      "auxiliaryFiles": [
        "985.js.map"
      ],
      "hash": "987f1ac5215ba53a",
      "childrenByOrder": {}
    },
    {
      "rendered": true,
      "initial": true,
      "entry": true,
      "recorded": false,
      "size": 20500,
      "sizes": {
        "javascript": 42,
        "share-init": 252,
        "runtime": 20206
      },
      "names": [
        "@openmrs/esm-dispensing-app"
      ],
      "idHints": [],
      "runtime": [
        "@openmrs/esm-dispensing-app"
      ],
      "files": [
        "openmrs-esm-dispensing-app.js"
      ],
      "auxiliaryFiles": [
        "openmrs-esm-dispensing-app.js.map"
      ],
      "hash": "28f79b23bb11ffdd",
      "childrenByOrder": {}
    }
  ]
}