{
  "chunks": [
    {
      "rendered": true,
      "initial": false,
      "entry": false,
      "recorded": false,
      "size": 271485,
      "sizes": {
        "javascript": 271275,
        "consume-shared": 210
      },
      "names": [],
      "idHints": [],
      "runtime": [
        "@openmrs/esm-patient-search-app"
      ],
      "files": [
        "48.js"
      ],
      "auxiliaryFiles": [
        "48.js.map"
      ],
      "hash": "771b5cf4e64222e3",
      "childrenByOrder": {}
    },
    {
      "rendered": true,
      "initial": false,
      "entry": false,
      "recorded": false,
      "reason": "reused as split chunk (cache group: defaultVendors)",
      "size": 1213519,
      "sizes": {
        "javascript": 1213519
      },
      "names": [],
      "idHints": [
        "vendors"
      ],
      "runtime": [
        "@openmrs/esm-patient-search-app",
        "main"
      ],
      "files": [
        "130.js"
      ],
      "auxiliaryFiles": [
        "130.js.map"
      ],
      "hash": "2ffaeeee84c897f8",
      "childrenByOrder": {}
    },
    {
      "rendered": true,
      "initial": false,
      "entry": false,
      "recorded": false,
      "size": 458,
      "sizes": {
        "javascript": 458
      },
      "names": [],
      "idHints": [],
      "runtime": [
        "@openmrs/esm-patient-search-app",
        "main"
      ],
      "files": [
        "152.js"
      ],
      "auxiliaryFiles": [
        "152.js.map"
      ],
      "hash": "6094b4e9951b881d",
      "childrenByOrder": {}
    },
    {
      "rendered": true,
      "initial": true,
      "entry": true,
      "recorded": false,
      "size": 20763,
      "sizes": {
        "javascript": 42,
        "share-init": 294,
        "runtime": 20427
      },
      "names": [
        "@openmrs/esm-patient-search-app"
      ],
      "idHints": [],
      "runtime": [
        "@openmrs/esm-patient-search-app"
      ],
      "files": [
        "openmrs-esm-patient-search-app.js"
      ],
      "auxiliaryFiles": [
        "openmrs-esm-patient-search-app.js.map"
      ],
      "hash": "3bc9aff3a16d7091",
      "childrenByOrder": {}
    },
    {
      "rendered": true,
      "initial": true,
      "entry": true,
      "recorded": false,
      "size": 1815195,
      "sizes": {
        "consume-shared": 294,
        "javascript": 1793779,
        "share-init": 294,
        "runtime": 20828
      },
      "names": [
        "main"
      ],
      "idHints": [],
      "runtime": [
        "main"
      ],
      "files": [
        "main.js"
      ],
      "auxiliaryFiles": [
        "main.js.map"
      ],
      "hash": "9aaed8c36a6081c7",
      "childrenByOrder": {}
    },
    {
      "rendered": false,
      "initial": false,
      "entry": false,
      "recorded": false,
      "reason": "reused as split chunk (cache group: default)",
      "size": 42,
      "sizes": {
        "consume-shared": 42
      },
      "names": [],
      "idHints": [],
      "runtime": [
        "@openmrs/esm-patient-search-app",
        "main"
      ],
      "files": [],
      "auxiliaryFiles": [],
      "hash": "d748df958509e432",
      "childrenByOrder": {}
    },
    {
      "rendered": true,
      "initial": false,
      "entry": false,
      "recorded": false,
      "reason": "split chunk (cache group: defaultVendors)",
      "size": 21668,
      "sizes": {
        "javascript": 21668
      },
      "names": [],
      "idHints": [
        "vendors"
      ],
      "runtime": [
        "@openmrs/esm-patient-search-app",
        "main"
      ],
      "files": [
        "255.js"
      ],
      "auxiliaryFiles": [
        "255.js.map"
      ],
      "hash": "8fc0e3735c9c1e39",
      "childrenByOrder": {}
    },
    {
      "rendered": true,
      "initial": false,
      "entry": false,
      "recorded": false,
      "size": 1372,
      "sizes": {
        "javascript": 1372
      },
      "names": [],
      "idHints": [],
      "runtime": [
        "@openmrs/esm-patient-search-app",
        "main"
      ],
      "files": [
        "271.js"
      ],
      "auxiliaryFiles": [],
      "hash": "a08cf76a77543d74",
      "childrenByOrder": {}
    },
    {
      "rendered": true,
      "initial": false,
      "entry": false,
      "recorded": false,
      "size": 458,
      "sizes": {
        "javascript": 458
      },
      "names": [],
      "idHints": [],
      "runtime": [
        "@openmrs/esm-patient-search-app",
        "main"
      ],
      "files": [
        "303.js"
      ],
      "auxiliaryFiles": [
        "303.js.map"
      ],
      "hash": "7e91df886a810ce3",
      "childrenByOrder": {}
    },
    {
      "rendered": true,
      "initial": false,
      "entry": false,
      "recorded": false,
      "size": 2174,
      "sizes": {
        "javascript": 2174
      },
      "names": [],
      "idHints": [],
      "runtime": [
        "@openmrs/esm-patient-search-app",
        "main"
      ],
      "files": [
        "319.js"
      ],
      "auxiliaryFiles": [],
      "hash": "fe2d32e50bc0a11b",
      "childrenByOrder": {}
    },
    {
      "rendered": false,
      "initial": false,
      "entry": false,
      "recorded": false,
      "reason": "split chunk (cache group: default)",
      "size": 42,
      "sizes": {
        "consume-shared": 42
      },
      "names": [],
      "idHints": [],
      "runtime": [
        "@openmrs/esm-patient-search-app",
        "main"
      ],
      "files": [],
      "auxiliaryFiles": [],
      "hash": "55aafc938a85ee26",
      "childrenByOrder": {}
    },
    {
      "rendered": true,
      "initial": false,
      "entry": false,
      "recorded": false,
      "size": 9535,
      "sizes": {
        "javascript": 9535
      },
      "names": [],
      "idHints": [],
      "runtime": [
        "@openmrs/esm-patient-search-app",
        "main"
      ],
      "files": [
        "382.js"
      ],
      "auxiliaryFiles": [
        "382.js.map"
      ],
      "hash": "991bdfeacb66a97a",
      "childrenByOrder": {}
    },
    {
      "rendered": true,
      "initial": false,
      "entry": false,
      "recorded": false,
      "size": 1896,
      "sizes": {
        "javascript": 1896
      },
      "names": [],
      "idHints": [],
      "runtime": [
        "@openmrs/esm-patient-search-app",
        "main"
      ],
      "files": [
        "460.js"
      ],
      "auxiliaryFiles": [],
      "hash": "ebf7b937fef7351e",
      "childrenByOrder": {}
    },
    {
      "rendered": true,
      "initial": false,
      "entry": false,
      "recorded": false,
      "size": 1947,
      "sizes": {
        "javascript": 1947
      },
      "names": [],
      "idHints": [],
      "runtime": [
        "@openmrs/esm-patient-search-app",
        "main"
      ],
      "files": [
        "574.js"
      ],
      "auxiliaryFiles": [],
      "hash": "304edabd4370838e",
      "childrenByOrder": {}
    },
    {
      "rendered": true,
      "initial": false,
      "entry": false,
      "recorded": false,
      "reason": "reused as split chunk (cache group: defaultVendors)",
      "size": 39276,
      "sizes": {
        "javascript": 39276
      },
      "names": [],
      "idHints": [
        "vendors"
      ],
      "runtime": [
        "@openmrs/esm-patient-search-app",
        "main"
      ],
      "files": [
        "588.js"
      ],
      "auxiliaryFiles": [
        "588.js.map"
      ],
      "hash": "5e994281c425a074",
      "childrenByOrder": {}
    },
    {
      "rendered": true,
      "initial": false,
      "entry": false,
      "recorded": false,
      "reason": "reused as split chunk (cache group: defaultVendors)",
      "size": 190348,
      "sizes": {
        "javascript": 190348
      },
      "names": [],
      "idHints": [
        "vendors"
      ],
      "runtime": [
        "@openmrs/esm-patient-search-app",
        "main"
      ],
      "files": [
        "591.js"
      ],
      "auxiliaryFiles": [
        "591.js.map"
      ],
      "hash": "8d9cdc443e0e141a",
      "childrenByOrder": {}
    },
    {
      "rendered": true,
      "initial": false,
      "entry": false,
      "recorded": false,
      "size": 9535,
      "sizes": {
        "javascript": 9535
      },
      "names": [],
      "idHints": [],
      "runtime": [
        "@openmrs/esm-patient-search-app",
        "main"
      ],
      "files": [
        "635.js"
      ],
      "auxiliaryFiles": [
        "635.js.map"
      ],
      "hash": "eb213f0debdefca6",
      "childrenByOrder": {}
    },
    {
      "rendered": true,
      "initial": false,
      "entry": false,
      "recorded": false,
      "size": 1372,
      "sizes": {
        "javascript": 1372
      },
      "names": [],
      "idHints": [],
      "runtime": [
        "@openmrs/esm-patient-search-app",
        "main"
      ],
      "files": [
        "644.js"
      ],
      "auxiliaryFiles": [],
      "hash": "785e2d62b881e88c",
      "childrenByOrder": {}
    },
    {
      "rendered": true,
      "initial": false,
      "entry": false,
      "recorded": false,
      "reason": "split chunk (cache group: defaultVendors)",
      "size": 1500836,
      "sizes": {
        "javascript": 1500836
      },
      "names": [],
      "idHints": [
        "vendors"
      ],
      "runtime": [
        "@openmrs/esm-patient-search-app"
      ],
      "files": [
        "710.js"
      ],
      "auxiliaryFiles": [
        "710.js.map"
      ],
      "hash": "5c2b0198838d2ca2",
      "childrenByOrder": {}
    },
    {
      "rendered": true,
      "initial": false,
      "entry": false,
      "recorded": false,
      "reason": "reused as split chunk (cache group: defaultVendors)",
      "size": 26095,
      "sizes": {
        "javascript": 26095
      },
      "names": [],
      "idHints": [
        "vendors"
      ],
      "runtime": [
        "@openmrs/esm-patient-search-app",
        "main"
      ],
      "files": [
        "729.js"
      ],
      "auxiliaryFiles": [
        "729.js.map"
      ],
      "hash": "2354e9e18e248461",
      "childrenByOrder": {}
    },
    {
      "rendered": true,
      "initial": false,
      "entry": false,
      "recorded": false,
      "size": 2136,
      "sizes": {
        "javascript": 2136
      },
      "names": [],
      "idHints": [],
      "runtime": [
        "@openmrs/esm-patient-search-app",
        "main"
      ],
      "files": [
        "757.js"
      ],
      "auxiliaryFiles": [],
      "hash": "042da8d989ac9fcc",
      "childrenByOrder": {}
    },
    {
      "rendered": true,
      "initial": false,
      "entry": false,
      "recorded": false,
      "size": 7103,
      "sizes": {
        "javascript": 7103
      },
      "names": [],
      "idHints": [],
      "runtime": [
        "@openmrs/esm-patient-search-app",
        "main"
      ],
      "files": [
        "784.js"
      ],
      "auxiliaryFiles": [
        "784.js.map"
      ],
      "hash": "b6f2a0e44deb3c17",
      "childrenByOrder": {}
    },
    {
      "rendered": true,
      "initial": false,
      "entry": false,
      "recorded": false,
      "size": 1945,
      "sizes": {
        "javascript": 1945
      },
      "names": [],
      "idHints": [],
      "runtime": [
        "@openmrs/esm-patient-search-app",
        "main"
      ],
      "files": [
        "788.js"
      ],
      "auxiliaryFiles": [],
      "hash": "45089ddd12b4ef7d",
      "childrenByOrder": {}
    },
    {
      "rendered": true,
      "initial": false,
      "entry": false,
      "recorded": false,
      "size": 1998,
      "sizes": {
        "javascript": 1998
      },
      "names": [],
      "idHints": [],
      "runtime": [
        "@openmrs/esm-patient-search-app",
        "main"
      ],
      "files": [
        "807.js"
      ],
      "auxiliaryFiles": [],
      "hash": "8afb777133340d8c",
      "childrenByOrder": {}
    },
    {
      "rendered": true,
      "initial": false,
      "entry": false,
      "recorded": false,
      "size": 1797,
      "sizes": {
        "javascript": 1797
      },
      "names": [],
      "idHints": [],
      "runtime": [
        "@openmrs/esm-patient-search-app",
        "main"
      ],
      "files": [
        "833.js"
      ],
      "auxiliaryFiles": [],
      "hash": "cad43226ebf0742d",
      "childrenByOrder": {}
    }
  ]
}