{
  "chunks": [
    {
      "rendered": true,
      "initial": false,
      "entry": false,
      "recorded": false,
      "size": 1058,
      "sizes": {
        "javascript": 1058
      },
      "names": [],
      "idHints": [],
      "runtime": [
        "@openmrs/esm-patient-chart-app",
        "main"
      ],
      "files": [
        "53.js"
      ],
      "auxiliaryFiles": [
        "53.js.map"
      ],
      "hash": "c925d8a906fb056b",
      "childrenByOrder": {}
    },
    {
      "rendered": true,
      "initial": false,
      "entry": false,
      "recorded": false,
      "size": 19066,
      "sizes": {
        "javascript": 19066
      },
      "names": [],
      "idHints": [],
      "runtime": [
        "@openmrs/esm-patient-chart-app",
        "main"
      ],
      "files": [
        "93.js"
      ],
      "auxiliaryFiles": [
        "93.js.map"
      ],
      "hash": "010586c35eae51e2",
      "childrenByOrder": {}
    },
    {
      "rendered": true,
      "initial": false,
      "entry": false,
      "recorded": false,
      "reason": "reused as split chunk (cache group: defaultVendors)",
      "size": 1215476,
      "sizes": {
        "javascript": 1215476
      },
      "names": [],
      "idHints": [
        "vendors"
      ],
      "runtime": [
        "@openmrs/esm-patient-chart-app",
        "main"
      ],
      "files": [
        "130.js"
      ],
      "auxiliaryFiles": [
        "130.js.map"
      ],
      "hash": "90002b3d4cf2be89",
      "childrenByOrder": {}
    },
    {
      "rendered": true,
      "initial": false,
      "entry": false,
      "recorded": false,
      "size": 480,
      "sizes": {
        "javascript": 480
      },
      "names": [],
      "idHints": [],
      "runtime": [
        "@openmrs/esm-patient-chart-app",
        "main"
      ],
      "files": [
        "152.js"
      ],
      "auxiliaryFiles": [
        "152.js.map"
      ],
      "hash": "7c92f4bd89f8b253",
      "childrenByOrder": {}
    },
    {
      "rendered": true,
      "initial": false,
      "entry": false,
      "recorded": false,
      "size": 417150,
      "sizes": {
        "javascript": 416898,
        "consume-shared": 252
      },
      "names": [],
      "idHints": [],
      "runtime": [
        "@openmrs/esm-patient-chart-app"
      ],
      "files": [
        "171.js"
      ],
      "auxiliaryFiles": [
        "171.js.map"
      ],
      "hash": "cef90d1ab111a752",
      "childrenByOrder": {}
    },
    {
      "rendered": true,
      "initial": true,
      "entry": true,
      "recorded": false,
      "size": 1631586,
      "sizes": {
        "consume-shared": 504,
        "javascript": 1607518,
        "share-init": 504,
        "runtime": 23060
      },
      "names": [
        "main"
      ],
      "idHints": [],
      "runtime": [
        "main"
      ],
      "files": [
        "main.js"
      ],
      "auxiliaryFiles": [
        "main.js.map"
      ],
      "hash": "d525c612e614e8ee",
      "childrenByOrder": {}
    },
    {
      "rendered": true,
      "initial": false,
      "entry": false,
      "recorded": false,
      "size": 1970,
      "sizes": {
        "javascript": 1970
      },
      "names": [],
      "idHints": [],
      "runtime": [
        "@openmrs/esm-patient-chart-app",
        "main"
      ],
      "files": [
        "202.js"
      ],
      "auxiliaryFiles": [
        "202.js.map"
      ],
      "hash": "d949bba6ceb49aa7",
      "childrenByOrder": {}
    },
    {
      "rendered": true,
      "initial": false,
      "entry": false,
      "recorded": false,
      "size": 9817,
      "sizes": {
        "javascript": 9817
      },
      "names": [],
      "idHints": [],
      "runtime": [
        "@openmrs/esm-patient-chart-app",
        "main"
      ],
      "files": [
        "205.js"
      ],
      "auxiliaryFiles": [
        "205.js.map"
      ],
      "hash": "63f197282fb89da7",
      "childrenByOrder": {}
    },
    {
      "rendered": true,
      "initial": false,
      "entry": false,
      "recorded": false,
      "size": 37980,
      "sizes": {
        "javascript": 37896,
        "consume-shared": 84
      },
      "names": [],
      "idHints": [],
      "runtime": [
        "@openmrs/esm-patient-chart-app",
        "main"
      ],
      "files": [
        "225.js"
      ],
      "auxiliaryFiles": [
        "225.js.map"
      ],
      "hash": "7a96f2554f05be60",
      "childrenByOrder": {}
    },
    {
      "rendered": true,
      "initial": false,
      "entry": false,
      "recorded": false,
      "reason": "split chunk (cache group: defaultVendors)",
      "size": 25337,
      "sizes": {
        "javascript": 25337
      },
      "names": [],
      "idHints": [
        "vendors"
      ],
      "runtime": [
        "@openmrs/esm-patient-chart-app",
        "main"
      ],
      "files": [
        "255.js"
      ],
      "auxiliaryFiles": [
        "255.js.map"
      ],
      "hash": "8c8d3e407477aa5b",
      "childrenByOrder": {}
    },
    {
      "rendered": false,
      "initial": false,
      "entry": false,
      "recorded": false,
      "reason": "reused as split chunk (cache group: default)",
      "size": 42,
      "sizes": {
        "consume-shared": 42
      },
      "names": [],
      "idHints": [],
      "runtime": [
        "@openmrs/esm-patient-chart-app",
        "main"
      ],
      "files": [],
      "auxiliaryFiles": [],
      "hash": "527f3fa913f3811a",
      "childrenByOrder": {}
    },
    {
      "rendered": true,
      "initial": false,
      "entry": false,
      "recorded": false,
      "size": 6033,
      "sizes": {
        "javascript": 6033
      },
      "names": [],
      "idHints": [],
      "runtime": [
        "@openmrs/esm-patient-chart-app",
        "main"
      ],
      "files": [
        "271.js"
      ],
      "auxiliaryFiles": [],
      "hash": "bab9eab1b282c10e",
      "childrenByOrder": {}
    },
    {
      "rendered": true,
      "initial": false,
      "entry": false,
      "recorded": false,
      "size": 1683,
      "sizes": {
        "javascript": 1683
      },
      "names": [],
      "idHints": [],
      "runtime": [
        "@openmrs/esm-patient-chart-app",
        "main"
      ],
      "files": [
        "291.js"
      ],
      "auxiliaryFiles": [
        "291.js.map"
      ],
      "hash": "82ae8aa0fe22c564",
      "childrenByOrder": {}
    },
    {
      "rendered": true,
      "initial": false,
      "entry": false,
      "recorded": false,
      "reason": "reused as split chunk (cache group: defaultVendors)",
      "size": 40147,
      "sizes": {
        "javascript": 40147
      },
      "names": [],
      "idHints": [
        "vendors"
      ],
      "runtime": [
        "@openmrs/esm-patient-chart-app",
        "main"
      ],
      "files": [
        "301.js"
      ],
      "auxiliaryFiles": [
        "301.js.map"
      ],
      "hash": "69cb21aee116a552",
      "childrenByOrder": {}
    },
    {
      "rendered": true,
      "initial": false,
      "entry": false,
      "recorded": false,
      "size": 480,
      "sizes": {
        "javascript": 480
      },
      "names": [],
      "idHints": [],
      "runtime": [
        "@openmrs/esm-patient-chart-app",
        "main"
      ],
      "files": [
        "303.js"
      ],
      "auxiliaryFiles": [
        "303.js.map"
      ],
      "hash": "055fe6458dc11726",
      "childrenByOrder": {}
    },
    {
      "rendered": true,
      "initial": false,
      "entry": false,
      "recorded": false,
      "size": 9726,
      "sizes": {
        "javascript": 9726
      },
      "names": [],
      "idHints": [],
      "runtime": [
        "@openmrs/esm-patient-chart-app",
        "main"
      ],
      "files": [
        "319.js"
      ],
      "auxiliaryFiles": [],
      "hash": "3490b7d3f5cdad33",
      "childrenByOrder": {}
    },
    {
      "rendered": false,
      "initial": false,
      "entry": false,
      "recorded": false,
      "reason": "split chunk (cache group: default)",
      "size": 42,
      "sizes": {
        "consume-shared": 42
      },
      "names": [],
      "idHints": [],
      "runtime": [
        "@openmrs/esm-patient-chart-app",
        "main"
      ],
      "files": [],
      "auxiliaryFiles": [],
      "hash": "db6f91d89897e75d",
      "childrenByOrder": {}
    },
    {
      "rendered": false,
      "initial": false,
      "entry": false,
      "recorded": false,
      "reason": "split chunk (cache group: default)",
      "size": 168,
      "sizes": {
        "consume-shared": 168
      },
      "names": [],
      "idHints": [],
      "runtime": [
        "@openmrs/esm-patient-chart-app",
        "main"
      ],
      "files": [],
      "auxiliaryFiles": [],
      "hash": "f0cf27483f2cc549",
      "childrenByOrder": {}
    },
    {
      "rendered": true,
      "initial": false,
      "entry": false,
      "recorded": false,
      "size": 10785,
      "sizes": {
        "javascript": 10785
      },
      "names": [],
      "idHints": [],
      "runtime": [
        "@openmrs/esm-patient-chart-app",
        "main"
      ],
      "files": [
        "382.js"
      ],
      "auxiliaryFiles": [
        "382.js.map"
      ],
      "hash": "301aacec64d214a8",
      "childrenByOrder": {}
    },
    {
      "rendered": true,
      "initial": false,
      "entry": false,
      "recorded": false,
      "reason": "split chunk (cache group: defaultVendors)",
      "size": 566230,
      "sizes": {
        "javascript": 566230
      },
      "names": [],
      "idHints": [
        "vendors"
      ],
      "runtime": [
        "@openmrs/esm-patient-chart-app",
        "main"
      ],
      "files": [
        "393.js"
      ],
      "auxiliaryFiles": [
        "393.js.map"
      ],
      "hash": "5433d4ec681c9752",
      "childrenByOrder": {}
    },
    {
      "rendered": true,
      "initial": false,
      "entry": false,
      "recorded": false,
      "size": 6440,
      "sizes": {
        "javascript": 6440
      },
      "names": [],
      "idHints": [],
      "runtime": [
        "@openmrs/esm-patient-chart-app",
        "main"
      ],
      "files": [
        "402.js"
      ],
      "auxiliaryFiles": [
        "402.js.map"
      ],
      "hash": "7fb7a935964bae8f",
      "childrenByOrder": {}
    },
    {
      "rendered": true,
      "initial": false,
      "entry": false,
      "recorded": false,
      "size": 20844,
      "sizes": {
        "javascript": 20844
      },
      "names": [],
      "idHints": [],
      "runtime": [
        "@openmrs/esm-patient-chart-app",
        "main"
      ],
      "files": [
        "404.js"
      ],
      "auxiliaryFiles": [
        "404.js.map"
      ],
      "hash": "6e635b01294d1ced",
      "childrenByOrder": {}
    },
    {
      "rendered": true,
      "initial": false,
      "entry": false,
      "recorded": false,
      "size": 8869,
      "sizes": {
        "javascript": 8869
      },
      "names": [],
      "idHints": [],
      "runtime": [
        "@openmrs/esm-patient-chart-app",
        "main"
      ],
      "files": [
        "460.js"
      ],
      "auxiliaryFiles": [],
      "hash": "fdfc604e664c2e78",
      "childrenByOrder": {}
    },
    {
      "rendered": true,
      "initial": false,
      "entry": false,
      "recorded": false,
      "size": 1571,
      "sizes": {
        "javascript": 1571
      },
      "names": [],
      "idHints": [],
      "runtime": [
        "@openmrs/esm-patient-chart-app",
        "main"
      ],
      "files": [
        "512.js"
      ],
      "auxiliaryFiles": [
        "512.js.map"
      ],
      "hash": "27f296c2a10d1b43",
      "childrenByOrder": {}
    },
    {
      "rendered": true,
      "initial": false,
      "entry": false,
      "recorded": false,
      "size": 9123,
      "sizes": {
        "javascript": 9123
      },
      "names": [],
      "idHints": [],
      "runtime": [
        "@openmrs/esm-patient-chart-app",
        "main"
      ],
      "files": [
        "574.js"
      ],
      "auxiliaryFiles": [],
      "hash": "ddbed11a698f1286",
      "childrenByOrder": {}
    },
    {
      "rendered": true,
      "initial": false,
      "entry": false,
      "recorded": false,
      "size": 1058,
      "sizes": {
        "javascript": 1058
      },
      "names": [],
      "idHints": [],
      "runtime": [
        "@openmrs/esm-patient-chart-app",
        "main"
      ],
      "files": [
        "579.js"
      ],
      "auxiliaryFiles": [
        "579.js.map"
      ],
      "hash": "63cd3ce37de55af2",
      "childrenByOrder": {}
    },
    {
      "rendered": true,
      "initial": true,
      "entry": true,
      "recorded": false,
      "size": 23153,
      "sizes": {
        "javascript": 42,
        "share-init": 504,
        "runtime": 22607
      },
      "names": [
        "@openmrs/esm-patient-chart-app"
      ],
      "idHints": [],
      "runtime": [
        "@openmrs/esm-patient-chart-app"
      ],
      "files": [
        "openmrs-esm-patient-chart-app.js"
      ],
      "auxiliaryFiles": [
        "openmrs-esm-patient-chart-app.js.map"
      ],
      "hash": "b15aa8ae82560c6f",
      "childrenByOrder": {}
    },
    {
      "rendered": true,
      "initial": false,
      "entry": false,
      "recorded": false,
      "reason": "reused as split chunk (cache group: defaultVendors)",
      "size": 251616,
      "sizes": {
        "javascript": 251616
      },
      "names": [],
      "idHints": [
        "vendors"
      ],
      "runtime": [
        "@openmrs/esm-patient-chart-app",
        "main"
      ],
      "files": [
        "591.js"
      ],
      "auxiliaryFiles": [
        "591.js.map"
      ],
      "hash": "81f1621f1aa96922",
      "childrenByOrder": {}
    },
    {
      "rendered": true,
      "initial": false,
      "entry": false,
      "recorded": false,
      "reason": "split chunk (cache group: defaultVendors)",
      "size": 599053,
      "sizes": {
        "javascript": 599053
      },
      "names": [],
      "idHints": [
        "vendors"
      ],
      "runtime": [
        "@openmrs/esm-patient-chart-app"
      ],
      "files": [
        "593.js"
      ],
      "auxiliaryFiles": [
        "593.js.map"
      ],
      "hash": "9d37feed8701de4c",
      "childrenByOrder": {}
    },
    {
      "rendered": true,
      "initial": false,
      "entry": false,
      "recorded": false,
      "reason": "split chunk (cache group: defaultVendors)",
      "size": 144514,
      "sizes": {
        "javascript": 144514
      },
      "names": [],
      "idHints": [
        "vendors"
      ],
      "runtime": [
        "@openmrs/esm-patient-chart-app",
        "main"
      ],
      "files": [
        "615.js"
      ],
      "auxiliaryFiles": [
        "615.js.map"
      ],
      "hash": "7d602498fc1225af",
      "childrenByOrder": {}
    },
    {
      "rendered": true,
      "initial": false,
      "entry": false,
      "recorded": false,
      "size": 7277,
      "sizes": {
        "javascript": 7277
      },
      "names": [],
      "idHints": [],
      "runtime": [
        "@openmrs/esm-patient-chart-app",
        "main"
      ],
      "files": [
        "630.js"
      ],
      "auxiliaryFiles": [
        "630.js.map"
      ],
      "hash": "0c977ab0f2a436dc",
      "childrenByOrder": {}
    },
    {
      "rendered": true,
      "initial": false,
      "entry": false,
      "recorded": false,
      "size": 10785,
      "sizes": {
        "javascript": 10785
      },
      "names": [],
      "idHints": [],
      "runtime": [
        "@openmrs/esm-patient-chart-app",
        "main"
      ],
      "files": [
        "635.js"
      ],
      "auxiliaryFiles": [
        "635.js.map"
      ],
      "hash": "faa9027da6281e8f",
      "childrenByOrder": {}
    },
    {
      "rendered": true,
      "initial": false,
      "entry": false,
      "recorded": false,
      "size": 6033,
      "sizes": {
        "javascript": 6033
      },
      "names": [],
      "idHints": [],
      "runtime": [
        "@openmrs/esm-patient-chart-app",
        "main"
      ],
      "files": [
        "644.js"
      ],
      "auxiliaryFiles": [],
      "hash": "837a1076af152e13",
      "childrenByOrder": {}
    },
    {
      "rendered": true,
      "initial": false,
      "entry": false,
      "recorded": false,
      "reason": "split chunk (cache group: defaultVendors)",
      "size": 66818,
      "sizes": {
        "javascript": 66818
      },
      "names": [],
      "idHints": [
        "vendors"
      ],
      "runtime": [
        "@openmrs/esm-patient-chart-app",
        "main"
      ],
      "files": [
        "653.js"
      ],
      "auxiliaryFiles": [
        "653.js.map"
      ],
      "hash": "65577156300ccd9d",
      "childrenByOrder": {}
    },
    {
      "rendered": true,
      "initial": false,
      "entry": false,
      "recorded": false,
      "reason": "reused as split chunk (cache group: default)",
      "size": 118809,
      "sizes": {
        "javascript": 118767,
        "consume-shared": 42
      },
      "names": [],
      "idHints": [],
      "runtime": [
        "@openmrs/esm-patient-chart-app",
        "main"
      ],
      "files": [
        "701.js"
      ],
      "auxiliaryFiles": [
        "701.js.map"
      ],
      "hash": "0445511862fc9751",
      "childrenByOrder": {}
    },
    {
      "rendered": true,
      "initial": false,
      "entry": false,
      "recorded": false,
      "reason": "reused as split chunk (cache group: defaultVendors)",
      "size": 25530,
      "sizes": {
        "javascript": 25530
      },
      "names": [],
      "idHints": [
        "vendors"
      ],
      "runtime": [
        "@openmrs/esm-patient-chart-app",
        "main"
      ],
      "files": [
        "729.js"
      ],
      "auxiliaryFiles": [
        "729.js.map"
      ],
      "hash": "1900813c354b62a1",
      "childrenByOrder": {}
    },
    {
      "rendered": true,
      "initial": false,
      "entry": false,
      "recorded": false,
      "size": 13277,
      "sizes": {
        "javascript": 13277
      },
      "names": [],
      "idHints": [],
      "runtime": [
        "@openmrs/esm-patient-chart-app",
        "main"
      ],
      "files": [
        "741.js"
      ],
      "auxiliaryFiles": [
        "741.js.map"
      ],
      "hash": "5fbf39c8576d53f5",
      "childrenByOrder": {}
    },
    {
      "rendered": true,
      "initial": false,
      "entry": false,
      "recorded": false,
      "size": 12736,
      "sizes": {
        "javascript": 12736
      },
      "names": [],
      "idHints": [],
      "runtime": [
        "@openmrs/esm-patient-chart-app",
        "main"
      ],
      "files": [
        "743.js"
      ],
      "auxiliaryFiles": [
        "743.js.map"
      ],
      "hash": "e50926937d3eb669",
      "childrenByOrder": {}
    },
    {
      "rendered": true,
      "initial": false,
      "entry": false,
      "recorded": false,
      "size": 9772,
      "sizes": {
        "javascript": 9772
      },
      "names": [],
      "idHints": [],
      "runtime": [
        "@openmrs/esm-patient-chart-app",
        "main"
      ],
      "files": [
        "757.js"
      ],
      "auxiliaryFiles": [],
      "hash": "4087ab286f2f6920",
      "childrenByOrder": {}
    },
    {
      "rendered": true,
      "initial": false,
      "entry": false,
      "recorded": false,
      "size": 1418,
      "sizes": {
        "javascript": 1418
      },
      "names": [],
      "idHints": [],
      "runtime": [
        "@openmrs/esm-patient-chart-app",
        "main"
      ],
      "files": [
        "779.js"
      ],
      "auxiliaryFiles": [
        "779.js.map"
      ],
      "hash": "5b28a8683ed1d2ff",
      "childrenByOrder": {}
    },
    {
      "rendered": true,
      "initial": false,
      "entry": false,
      "recorded": false,
      "size": 7103,
      "sizes": {
        "javascript": 7103
      },
      "names": [],
      "idHints": [],
      "runtime": [
        "@openmrs/esm-patient-chart-app",
        "main"
      ],
      "files": [
        "784.js"
      ],
      "auxiliaryFiles": [
        "784.js.map"
      ],
      "hash": "10cabcc019d1d2cd",
      "childrenByOrder": {}
    },
    {
      "rendered": true,
      "initial": false,
      "entry": false,
      "recorded": false,
      "size": 9109,
      "sizes": {
        "javascript": 9109
      },
      "names": [],
      "idHints": [],
      "runtime": [
        "@openmrs/esm-patient-chart-app",
        "main"
      ],
      "files": [
        "788.js"
      ],
      "auxiliaryFiles": [],
      "hash": "5086089fb1f7c151",
      "childrenByOrder": {}
    },
    {
      "rendered": true,
      "initial": false,
      "entry": false,
      "recorded": false,
      "size": 10198,
      "sizes": {
        "javascript": 10198
      },
      "names": [],
      "idHints": [],
      "runtime": [
        "@openmrs/esm-patient-chart-app",
        "main"
      ],
      "files": [
        "807.js"
      ],
      "auxiliaryFiles": [],
      "hash": "f68ddc6a8519e59f",
      "childrenByOrder": {}
    },
    {
      "rendered": true,
      "initial": false,
      "entry": false,
      "recorded": false,
      "size": 8269,
      "sizes": {
        "javascript": 8269
      },
      "names": [],
      "idHints": [],
      "runtime": [
        "@openmrs/esm-patient-chart-app",
        "main"
      ],
      "files": [
        "833.js"
      ],
      "auxiliaryFiles": [],
      "hash": "d93a678a7381c4fa",
      "childrenByOrder": {}
    },
    {
      "rendered": true,
      "initial": false,
      "entry": false,
      "recorded": false,
      "size": 7160,
      "sizes": {
        "javascript": 7160
      },
      "names": [],
      "idHints": [],
      "runtime": [
        "@openmrs/esm-patient-chart-app",
        "main"
      ],
      "files": [
        "879.js"
      ],
      "auxiliaryFiles": [
        "879.js.map"
      ],
      "hash": "bd2108d644a05075",
      "childrenByOrder": {}
    },
    {
      "rendered": true,
      "initial": false,
      "entry": false,
      "recorded": false,
      "size": 4584,
      "sizes": {
        "javascript": 4584
      },
      "names": [],
      "idHints": [],
      "runtime": [
        "@openmrs/esm-patient-chart-app",
        "main"
      ],
      "files": [
        "897.js"
      ],
      "auxiliaryFiles": [
        "897.js.map"
      ],
      "hash": "46007be2069ed028",
      "childrenByOrder": {}
    },
    {
      "rendered": true,
      "initial": false,
      "entry": false,
      "recorded": false,
      "reason": "reused as split chunk (cache group: defaultVendors)",
      "size": 2563417,
      "sizes": {
        "javascript": 2563417
      },
      "names": [],
      "idHints": [
        "vendors"
      ],
      "runtime": [
        "@openmrs/esm-patient-chart-app",
        "main"
      ],
      "files": [
        "947.js"
      ],
      "auxiliaryFiles": [
        "947.js.map"
      ],
      "hash": "05f402b9bebc3e23",
      "childrenByOrder": {}
    },
    {
      "rendered": true,
      "initial": false,
      "entry": false,
      "recorded": false,
      "size": 6806,
      "sizes": {
        "javascript": 6806
      },
      "names": [],
      "idHints": [],
      "runtime": [
        "@openmrs/esm-patient-chart-app",
        "main"
      ],
      "files": [
        "992.js"
      ],
      "auxiliaryFiles": [
        "992.js.map"
      ],
      "hash": "afab828b07c6d4e5",
      "childrenByOrder": {}
    }
  ]
}