{
  "chunks": [
    {
      "rendered": true,
      "initial": false,
      "entry": false,
      "recorded": false,
      "reason": "reused as split chunk (cache group: defaultVendors)",
      "size": 1215387,
      "sizes": {
        "javascript": 1215387
      },
      "names": [],
      "idHints": [
        "vendors"
      ],
      "runtime": [
        "@openmrs/esm-patient-banner-app",
        "main"
      ],
      "files": [
        "130.js"
      ],
      "auxiliaryFiles": [
        "130.js.map"
      ],
      "hash": "2bd662cfa73cfc37",
      "childrenByOrder": {}
    },
    {
      "rendered": true,
      "initial": false,
      "entry": false,
      "recorded": false,
      "size": 480,
      "sizes": {
        "javascript": 480
      },
      "names": [],
      "idHints": [],
      "runtime": [
        "@openmrs/esm-patient-banner-app",
        "main"
      ],
      "files": [
        "152.js"
      ],
      "auxiliaryFiles": [
        "152.js.map"
      ],
      "hash": "c48dc24a2ad6b07a",
      "childrenByOrder": {}
    },
    {
      "rendered": true,
      "initial": false,
      "entry": false,
      "recorded": false,
      "reason": "split chunk (cache group: defaultVendors)",
      "size": 131237,
      "sizes": {
        "javascript": 131237
      },
      "names": [],
      "idHints": [
        "vendors"
      ],
      "runtime": [
        "@openmrs/esm-patient-banner-app"
      ],
      "files": [
        "174.js"
      ],
      "auxiliaryFiles": [
        "174.js.map"
      ],
      "hash": "7c5fc99ca72c3bbc",
      "childrenByOrder": {}
    },
    {
      "rendered": true,
      "initial": false,
      "entry": false,
      "recorded": false,
      "reason": "split chunk (cache group: defaultVendors)",
      "size": 969542,
      "sizes": {
        "javascript": 969542
      },
      "names": [],
      "idHints": [
        "vendors"
      ],
      "runtime": [
        "@openmrs/esm-patient-banner-app",
        "main"
      ],
      "files": [
        "175.js"
      ],
      "auxiliaryFiles": [
        "175.js.map"
      ],
      "hash": "ce7fc505e258b57a",
      "childrenByOrder": {}
    },
    {
      "rendered": true,
      "initial": true,
      "entry": true,
      "recorded": false,
      "size": 1217070,
      "sizes": {
        "consume-shared": 252,
        "javascript": 1195264,
        "share-init": 294,
        "runtime": 21260
      },
      "names": [
        "main"
      ],
      "idHints": [],
      "runtime": [
        "main"
      ],
      "files": [
        "main.js"
      ],
      "auxiliaryFiles": [
        "main.js.map"
      ],
      "hash": "c3b70b1bbafe641d",
      "childrenByOrder": {}
    },
    {
      "rendered": true,
      "initial": false,
      "entry": false,
      "recorded": false,
      "reason": "split chunk (cache group: defaultVendors)",
      "size": 25337,
      "sizes": {
        "javascript": 25337
      },
      "names": [],
      "idHints": [
        "vendors"
      ],
      "runtime": [
        "@openmrs/esm-patient-banner-app",
        "main"
      ],
      "files": [
        "255.js"
      ],
      "auxiliaryFiles": [
        "255.js.map"
      ],
      "hash": "b18efccebc5cb141",
      "childrenByOrder": {}
    },
    {
      "rendered": false,
      "initial": false,
      "entry": false,
      "recorded": false,
      "reason": "reused as split chunk (cache group: default)",
      "size": 42,
      "sizes": {
        "consume-shared": 42
      },
      "names": [],
      "idHints": [],
      "runtime": [
        "@openmrs/esm-patient-banner-app",
        "main"
      ],
      "files": [],
      "auxiliaryFiles": [],
      "hash": "41adee251030bb92",
      "childrenByOrder": {}
    },
    {
      "rendered": true,
      "initial": false,
      "entry": false,
      "recorded": false,
      "size": 529,
      "sizes": {
        "javascript": 529
      },
      "names": [],
      "idHints": [],
      "runtime": [
        "@openmrs/esm-patient-banner-app",
        "main"
      ],
      "files": [
        "271.js"
      ],
      "auxiliaryFiles": [],
      "hash": "1d5d5aa6ad62712c",
      "childrenByOrder": {}
    },
    {
      "rendered": true,
      "initial": false,
      "entry": false,
      "recorded": false,
      "size": 480,
      "sizes": {
        "javascript": 480
      },
      "names": [],
      "idHints": [],
      "runtime": [
        "@openmrs/esm-patient-banner-app",
        "main"
      ],
      "files": [
        "303.js"
      ],
      "auxiliaryFiles": [
        "303.js.map"
      ],
      "hash": "64f33d482ad7fb49",
      "childrenByOrder": {}
    },
    {
      "rendered": true,
      "initial": false,
      "entry": false,
      "recorded": false,
      "size": 69148,
      "sizes": {
        "javascript": 69148
      },
      "names": [],
      "idHints": [],
      "runtime": [
        "@openmrs/esm-patient-banner-app"
      ],
      "files": [
        "317.js"
      ],
      "auxiliaryFiles": [
        "317.js.map"
      ],
      "hash": "c15cabfb3ac1c4c5",
      "childrenByOrder": {}
    },
    {
      "rendered": true,
      "initial": false,
      "entry": false,
      "recorded": false,
      "size": 780,
      "sizes": {
        "javascript": 780
      },
      "names": [],
      "idHints": [],
      "runtime": [
        "@openmrs/esm-patient-banner-app",
        "main"
      ],
      "files": [
        "319.js"
      ],
      "auxiliaryFiles": [],
      "hash": "912d6b0f98704586",
      "childrenByOrder": {}
    },
    {
      "rendered": false,
      "initial": false,
      "entry": false,
      "recorded": false,
      "reason": "split chunk (cache group: default)",
      "size": 42,
      "sizes": {
        "consume-shared": 42
      },
      "names": [],
      "idHints": [],
      "runtime": [
        "@openmrs/esm-patient-banner-app",
        "main"
      ],
      "files": [],
      "auxiliaryFiles": [],
      "hash": "383eae50afdb2775",
      "childrenByOrder": {}
    },
    {
      "rendered": true,
      "initial": false,
      "entry": false,
      "recorded": false,
      "size": 890,
      "sizes": {
        "javascript": 890
      },
      "names": [],
      "idHints": [],
      "runtime": [
        "@openmrs/esm-patient-banner-app",
        "main"
      ],
      "files": [
        "460.js"
      ],
      "auxiliaryFiles": [],
      "hash": "5c5fd98b7bd16c42",
      "childrenByOrder": {}
    },
    {
      "rendered": true,
      "initial": false,
      "entry": false,
      "recorded": false,
      "reason": "reused as split chunk (cache group: defaultVendors)",
      "size": 40147,
      "sizes": {
        "javascript": 40147
      },
      "names": [],
      "idHints": [
        "vendors"
      ],
      "runtime": [
        "@openmrs/esm-patient-banner-app",
        "main"
      ],
      "files": [
        "553.js"
      ],
      "auxiliaryFiles": [
        "553.js.map"
      ],
      "hash": "a707749407710458",
      "childrenByOrder": {}
    },
    {
      "rendered": true,
      "initial": false,
      "entry": false,
      "recorded": false,
      "size": 687,
      "sizes": {
        "javascript": 687
      },
      "names": [],
      "idHints": [],
      "runtime": [
        "@openmrs/esm-patient-banner-app",
        "main"
      ],
      "files": [
        "574.js"
      ],
      "auxiliaryFiles": [],
      "hash": "38cc18ba878dede2",
      "childrenByOrder": {}
    },
    {
      "rendered": true,
      "initial": false,
      "entry": false,
      "recorded": false,
      "reason": "reused as split chunk (cache group: defaultVendors)",
      "size": 251616,
      "sizes": {
        "javascript": 251616
      },
      "names": [],
      "idHints": [
        "vendors"
      ],
      "runtime": [
        "@openmrs/esm-patient-banner-app",
        "main"
      ],
      "files": [
        "591.js"
      ],
      "auxiliaryFiles": [
        "591.js.map"
      ],
      "hash": "3107e14b19b691dd",
      "childrenByOrder": {}
    },
    {
      "rendered": true,
      "initial": false,
      "entry": false,
      "recorded": false,
      "reason": "split chunk (cache group: defaultVendors)",
      "size": 94603,
      "sizes": {
        "javascript": 94603
      },
      "names": [],
      "idHints": [
        "vendors"
      ],
      "runtime": [
        "@openmrs/esm-patient-banner-app",
        "main"
      ],
      "files": [
        "614.js"
      ],
      "auxiliaryFiles": [
        "614.js.map"
      ],
      "hash": "0a57648982d87133",
      "childrenByOrder": {}
    },
    {
      "rendered": true,
      "initial": false,
      "entry": false,
      "recorded": false,
      "size": 529,
      "sizes": {
        "javascript": 529
      },
      "names": [],
      "idHints": [],
      "runtime": [
        "@openmrs/esm-patient-banner-app",
        "main"
      ],
      "files": [
        "644.js"
      ],
      "auxiliaryFiles": [],
      "hash": "a982e28a08db71de",
      "childrenByOrder": {}
    },
    {
      "rendered": true,
      "initial": false,
      "entry": false,
      "recorded": false,
      "reason": "reused as split chunk (cache group: defaultVendors)",
      "size": 25530,
      "sizes": {
        "javascript": 25530
      },
      "names": [],
      "idHints": [
        "vendors"
      ],
      "runtime": [
        "@openmrs/esm-patient-banner-app",
        "main"
      ],
      "files": [
        "729.js"
      ],
      "auxiliaryFiles": [
        "729.js.map"
      ],
      "hash": "478d9861f36d2fc9",
      "childrenByOrder": {}
    },
    {
      "rendered": true,
      "initial": false,
      "entry": false,
      "recorded": false,
      "reason": "reused as split chunk (cache group: default)",
      "size": 121114,
      "sizes": {
        "javascript": 121030,
        "consume-shared": 84
      },
      "names": [],
      "idHints": [],
      "runtime": [
        "@openmrs/esm-patient-banner-app",
        "main"
      ],
      "files": [
        "738.js"
      ],
      "auxiliaryFiles": [
        "738.js.map"
      ],
      "hash": "626fa049df0eeadf",
      "childrenByOrder": {}
    },
    {
      "rendered": true,
      "initial": false,
      "entry": false,
      "recorded": false,
      "size": 757,
      "sizes": {
        "javascript": 757
      },
      "names": [],
      "idHints": [],
      "runtime": [
        "@openmrs/esm-patient-banner-app",
        "main"
      ],
      "files": [
        "757.js"
      ],
      "auxiliaryFiles": [],
      "hash": "f07643d65bc1505f",
      "childrenByOrder": {}
    },
    {
      "rendered": true,
      "initial": false,
      "entry": false,
      "recorded": false,
      "size": 7103,
      "sizes": {
        "javascript": 7103
      },
      "names": [],
      "idHints": [],
      "runtime": [
        "@openmrs/esm-patient-banner-app",
        "main"
      ],
      "files": [
        "784.js"
      ],
      "auxiliaryFiles": [
        "784.js.map"
      ],
      "hash": "2efe687c55398a3b",
      "childrenByOrder": {}
    },
    {
      "rendered": true,
      "initial": false,
      "entry": false,
      "recorded": false,
      "size": 687,
      "sizes": {
        "javascript": 687
      },
      "names": [],
      "idHints": [],
      "runtime": [
        "@openmrs/esm-patient-banner-app",
        "main"
      ],
      "files": [
        "788.js"
      ],
      "auxiliaryFiles": [],
      "hash": "4a03f3b0c9c9edc5",
      "childrenByOrder": {}
    },
    {
      "rendered": true,
      "initial": false,
      "entry": false,
      "recorded": false,
      "size": 688,
      "sizes": {
        "javascript": 688
      },
      "names": [],
      "idHints": [],
      "runtime": [
        "@openmrs/esm-patient-banner-app",
        "main"
      ],
      "files": [
        "807.js"
      ],
      "auxiliaryFiles": [],
      "hash": "03c1152c6c6c1846",
      "childrenByOrder": {}
    },
    {
      "rendered": true,
      "initial": false,
      "entry": false,
      "recorded": false,
      "size": 731,
      "sizes": {
        "javascript": 731
      },
      "names": [],
      "idHints": [],
      "runtime": [
        "@openmrs/esm-patient-banner-app",
        "main"
      ],
      "files": [
        "833.js"
      ],
      "auxiliaryFiles": [],
      "hash": "ff9e9e105238bf2e",
      "childrenByOrder": {}
    },
    {
      "rendered": false,
      "initial": false,
      "entry": false,
      "recorded": false,
      "reason": "reused as split chunk (cache group: default)",
      "size": 168,
      "sizes": {
        "consume-shared": 168
      },
      "names": [],
      "idHints": [],
      "runtime": [
        "@openmrs/esm-patient-banner-app",
        "main"
      ],
      "files": [],
      "auxiliaryFiles": [],
      "hash": "5cc63a687684245f",
      "childrenByOrder": {}
    },
    {
      "rendered": true,
      "initial": true,
      "entry": true,
      "recorded": false,
      "size": 21130,
      "sizes": {
        "javascript": 42,
        "share-init": 294,
        "runtime": 20794
      },
      "names": [
        "@openmrs/esm-patient-banner-app"
      ],
      "idHints": [],
      "runtime": [
        "@openmrs/esm-patient-banner-app"
      ],
      "files": [
        "openmrs-esm-patient-banner-app.js"
      ],
      "auxiliaryFiles": [
        "openmrs-esm-patient-banner-app.js.map"
      ],
      "hash": "735490a8e46e8a40",
      "childrenByOrder": {}
    }
  ]
}