{
  "chunks": [
    {
      "rendered": true,
      "initial": false,
      "entry": false,
      "recorded": false,
      "size": 39799,
      "sizes": {
        "javascript": 39799
      },
      "names": [],
      "idHints": [],
      "runtime": [
        "@openmrs/esm-patient-flags-app",
        "main"
      ],
      "files": [
        "36.js"
      ],
      "auxiliaryFiles": [
        "36.js.map"
      ],
      "hash": "0535156e59710821",
      "childrenByOrder": {}
    },
    {
      "rendered": true,
      "initial": false,
      "entry": false,
      "recorded": false,
      "reason": "reused as split chunk (cache group: defaultVendors)",
      "size": 1215387,
      "sizes": {
        "javascript": 1215387
      },
      "names": [],
      "idHints": [
        "vendors"
      ],
      "runtime": [
        "@openmrs/esm-patient-flags-app",
        "main"
      ],
      "files": [
        "130.js"
      ],
      "auxiliaryFiles": [
        "130.js.map"
      ],
      "hash": "087a9437c91e886e",
      "childrenByOrder": {}
    },
    {
      "rendered": true,
      "initial": false,
      "entry": false,
      "recorded": false,
      "size": 480,
      "sizes": {
        "javascript": 480
      },
      "names": [],
      "idHints": [],
      "runtime": [
        "@openmrs/esm-patient-flags-app",
        "main"
      ],
      "files": [
        "152.js"
      ],
      "auxiliaryFiles": [
        "152.js.map"
      ],
      "hash": "650ee434b0c5dbb1",
      "childrenByOrder": {}
    },
    {
      "rendered": true,
      "initial": true,
      "entry": true,
      "recorded": false,
      "size": 1402321,
      "sizes": {
        "consume-shared": 210,
        "javascript": 1380576,
        "share-init": 294,
        "runtime": 21241
      },
      "names": [
        "main"
      ],
      "idHints": [],
      "runtime": [
        "main"
      ],
      "files": [
        "main.js"
      ],
      "auxiliaryFiles": [
        "main.js.map"
      ],
      "hash": "998f845833d68d60",
      "childrenByOrder": {}
    },
    {
      "rendered": true,
      "initial": false,
      "entry": false,
      "recorded": false,
      "reason": "split chunk (cache group: defaultVendors)",
      "size": 25337,
      "sizes": {
        "javascript": 25337
      },
      "names": [],
      "idHints": [
        "vendors"
      ],
      "runtime": [
        "@openmrs/esm-patient-flags-app",
        "main"
      ],
      "files": [
        "255.js"
      ],
      "auxiliaryFiles": [
        "255.js.map"
      ],
      "hash": "2a94fe9a20931720",
      "childrenByOrder": {}
    },
    {
      "rendered": false,
      "initial": false,
      "entry": false,
      "recorded": false,
      "reason": "reused as split chunk (cache group: default)",
      "size": 42,
      "sizes": {
        "consume-shared": 42
      },
      "names": [],
      "idHints": [],
      "runtime": [
        "@openmrs/esm-patient-flags-app",
        "main"
      ],
      "files": [],
      "auxiliaryFiles": [],
      "hash": "693b53f8ab181d76",
      "childrenByOrder": {}
    },
    {
      "rendered": true,
      "initial": false,
      "entry": false,
      "recorded": false,
      "size": 970,
      "sizes": {
        "javascript": 970
      },
      "names": [],
      "idHints": [],
      "runtime": [
        "@openmrs/esm-patient-flags-app",
        "main"
      ],
      "files": [
        "271.js"
      ],
      "auxiliaryFiles": [],
      "hash": "1fb5f1a4f00f7739",
      "childrenByOrder": {}
    },
    {
      "rendered": true,
      "initial": false,
      "entry": false,
      "recorded": false,
      "size": 46385,
      "sizes": {
        "javascript": 46385
      },
      "names": [],
      "idHints": [],
      "runtime": [
        "@openmrs/esm-patient-flags-app",
        "main"
      ],
      "files": [
        "290.js"
      ],
      "auxiliaryFiles": [
        "290.js.map"
      ],
      "hash": "09c8128fd3e5eac6",
      "childrenByOrder": {}
    },
    {
      "rendered": true,
      "initial": false,
      "entry": false,
      "recorded": false,
      "size": 40147,
      "sizes": {
        "javascript": 40147
      },
      "names": [],
      "idHints": [],
      "runtime": [
        "@openmrs/esm-patient-flags-app",
        "main"
      ],
      "files": [
        "301.js"
      ],
      "auxiliaryFiles": [
        "301.js.map"
      ],
      "hash": "d848d65bbbda5f3e",
      "childrenByOrder": {}
    },
    {
      "rendered": true,
      "initial": false,
      "entry": false,
      "recorded": false,
      "size": 480,
      "sizes": {
        "javascript": 480
      },
      "names": [],
      "idHints": [],
      "runtime": [
        "@openmrs/esm-patient-flags-app",
        "main"
      ],
      "files": [
        "303.js"
      ],
      "auxiliaryFiles": [
        "303.js.map"
      ],
      "hash": "5faded4adc25d148",
      "childrenByOrder": {}
    },
    {
      "rendered": true,
      "initial": false,
      "entry": false,
      "recorded": false,
      "size": 1200,
      "sizes": {
        "javascript": 1200
      },
      "names": [],
      "idHints": [],
      "runtime": [
        "@openmrs/esm-patient-flags-app",
        "main"
      ],
      "files": [
        "319.js"
      ],
      "auxiliaryFiles": [],
      "hash": "a4026b684dcf4ee2",
      "childrenByOrder": {}
    },
    {
      "rendered": true,
      "initial": false,
      "entry": false,
      "recorded": false,
      "reason": "split chunk (cache group: defaultVendors)",
      "size": 1331035,
      "sizes": {
        "javascript": 1331035
      },
      "names": [],
      "idHints": [
        "vendors"
      ],
      "runtime": [
        "@openmrs/esm-patient-flags-app",
        "main"
      ],
      "files": [
        "323.js"
      ],
      "auxiliaryFiles": [
        "323.js.map"
      ],
      "hash": "205f7e8b88095300",
      "childrenByOrder": {}
    },
    {
      "rendered": false,
      "initial": false,
      "entry": false,
      "recorded": false,
      "reason": "split chunk (cache group: default)",
      "size": 42,
      "sizes": {
        "consume-shared": 42
      },
      "names": [],
      "idHints": [],
      "runtime": [
        "@openmrs/esm-patient-flags-app",
        "main"
      ],
      "files": [],
      "auxiliaryFiles": [],
      "hash": "fa036c95a60d4413",
      "childrenByOrder": {}
    },
    {
      "rendered": true,
      "initial": false,
      "entry": false,
      "recorded": false,
      "size": 24204,
      "sizes": {
        "javascript": 24204
      },
      "names": [],
      "idHints": [],
      "runtime": [
        "@openmrs/esm-patient-flags-app"
      ],
      "files": [
        "340.js"
      ],
      "auxiliaryFiles": [
        "340.js.map"
      ],
      "hash": "a3f7ce795ab29069",
      "childrenByOrder": {}
    },
    {
      "rendered": true,
      "initial": false,
      "entry": false,
      "recorded": false,
      "reason": "reused as split chunk (cache group: default)",
      "size": 131904,
      "sizes": {
        "javascript": 131778,
        "consume-shared": 126
      },
      "names": [],
      "idHints": [],
      "runtime": [
        "@openmrs/esm-patient-flags-app",
        "main"
      ],
      "files": [
        "356.js"
      ],
      "auxiliaryFiles": [
        "356.js.map"
      ],
      "hash": "1fe3c2d61422dc6c",
      "childrenByOrder": {}
    },
    {
      "rendered": true,
      "initial": false,
      "entry": false,
      "recorded": false,
      "size": 1325,
      "sizes": {
        "javascript": 1325
      },
      "names": [],
      "idHints": [],
      "runtime": [
        "@openmrs/esm-patient-flags-app",
        "main"
      ],
      "files": [
        "460.js"
      ],
      "auxiliaryFiles": [],
      "hash": "28c43c4b6b77f6f1",
      "childrenByOrder": {}
    },
    {
      "rendered": true,
      "initial": false,
      "entry": false,
      "recorded": false,
      "size": 970,
      "sizes": {
        "javascript": 970
      },
      "names": [],
      "idHints": [],
      "runtime": [
        "@openmrs/esm-patient-flags-app",
        "main"
      ],
      "files": [
        "574.js"
      ],
      "auxiliaryFiles": [],
      "hash": "60135fd4411d874a",
      "childrenByOrder": {}
    },
    {
      "rendered": false,
      "initial": false,
      "entry": false,
      "recorded": false,
      "reason": "reused as split chunk (cache group: default)",
      "size": 126,
      "sizes": {
        "consume-shared": 126
      },
      "names": [],
      "idHints": [],
      "runtime": [
        "@openmrs/esm-patient-flags-app",
        "main"
      ],
      "files": [],
      "auxiliaryFiles": [],
      "hash": "f42200675d271c0e",
      "childrenByOrder": {}
    },
    {
      "rendered": true,
      "initial": false,
      "entry": false,
      "recorded": false,
      "reason": "reused as split chunk (cache group: defaultVendors)",
      "size": 251616,
      "sizes": {
        "javascript": 251616
      },
      "names": [],
      "idHints": [
        "vendors"
      ],
      "runtime": [
        "@openmrs/esm-patient-flags-app",
        "main"
      ],
      "files": [
        "591.js"
      ],
      "auxiliaryFiles": [
        "591.js.map"
      ],
      "hash": "6a7e3566f998bda1",
      "childrenByOrder": {}
    },
    {
      "rendered": true,
      "initial": false,
      "entry": false,
      "recorded": false,
      "size": 970,
      "sizes": {
        "javascript": 970
      },
      "names": [],
      "idHints": [],
      "runtime": [
        "@openmrs/esm-patient-flags-app",
        "main"
      ],
      "files": [
        "644.js"
      ],
      "auxiliaryFiles": [],
      "hash": "88a7d9d6a9e6c1ab",
      "childrenByOrder": {}
    },
    {
      "rendered": true,
      "initial": false,
      "entry": false,
      "recorded": false,
      "reason": "reused as split chunk (cache group: defaultVendors)",
      "size": 25530,
      "sizes": {
        "javascript": 25530
      },
      "names": [],
      "idHints": [
        "vendors"
      ],
      "runtime": [
        "@openmrs/esm-patient-flags-app",
        "main"
      ],
      "files": [
        "729.js"
      ],
      "auxiliaryFiles": [
        "729.js.map"
      ],
      "hash": "e71a3756ef4188c7",
      "childrenByOrder": {}
    },
    {
      "rendered": true,
      "initial": false,
      "entry": false,
      "recorded": false,
      "size": 1056,
      "sizes": {
        "javascript": 1056
      },
      "names": [],
      "idHints": [],
      "runtime": [
        "@openmrs/esm-patient-flags-app",
        "main"
      ],
      "files": [
        "757.js"
      ],
      "auxiliaryFiles": [],
      "hash": "e8c874df8537c27d",
      "childrenByOrder": {}
    },
    {
      "rendered": true,
      "initial": true,
      "entry": true,
      "recorded": false,
      "size": 21125,
      "sizes": {
        "javascript": 42,
        "share-init": 294,
        "runtime": 20789
      },
      "names": [
        "@openmrs/esm-patient-flags-app"
      ],
      "idHints": [],
      "runtime": [
        "@openmrs/esm-patient-flags-app"
      ],
      "files": [
        "openmrs-esm-patient-flags-app.js"
      ],
      "auxiliaryFiles": [
        "openmrs-esm-patient-flags-app.js.map"
      ],
      "hash": "a7d3f95c9f5bd2ba",
      "childrenByOrder": {}
    },
    {
      "rendered": true,
      "initial": false,
      "entry": false,
      "recorded": false,
      "reason": "split chunk (cache group: defaultVendors)",
      "size": 83768,
      "sizes": {
        "javascript": 83768
      },
      "names": [],
      "idHints": [
        "vendors"
      ],
      "runtime": [
        "@openmrs/esm-patient-flags-app",
        "main"
      ],
      "files": [
        "779.js"
      ],
      "auxiliaryFiles": [
        "779.js.map"
      ],
      "hash": "bfbe756154fb5fbd",
      "childrenByOrder": {}
    },
    {
      "rendered": true,
      "initial": false,
      "entry": false,
      "recorded": false,
      "size": 7103,
      "sizes": {
        "javascript": 7103
      },
      "names": [],
      "idHints": [],
      "runtime": [
        "@openmrs/esm-patient-flags-app",
        "main"
      ],
      "files": [
        "784.js"
      ],
      "auxiliaryFiles": [
        "784.js.map"
      ],
      "hash": "0bb229d85efefca3",
      "childrenByOrder": {}
    },
    {
      "rendered": true,
      "initial": false,
      "entry": false,
      "recorded": false,
      "size": 970,
      "sizes": {
        "javascript": 970
      },
      "names": [],
      "idHints": [],
      "runtime": [
        "@openmrs/esm-patient-flags-app",
        "main"
      ],
      "files": [
        "788.js"
      ],
      "auxiliaryFiles": [],
      "hash": "14c1ffbdc5f37231",
      "childrenByOrder": {}
    },
    {
      "rendered": true,
      "initial": false,
      "entry": false,
      "recorded": false,
      "size": 888,
      "sizes": {
        "javascript": 888
      },
      "names": [],
      "idHints": [],
      "runtime": [
        "@openmrs/esm-patient-flags-app",
        "main"
      ],
      "files": [
        "807.js"
      ],
      "auxiliaryFiles": [],
      "hash": "ce028393c908953a",
      "childrenByOrder": {}
    },
    {
      "rendered": true,
      "initial": false,
      "entry": false,
      "recorded": false,
      "size": 1140,
      "sizes": {
        "javascript": 1140
      },
      "names": [],
      "idHints": [],
      "runtime": [
        "@openmrs/esm-patient-flags-app",
        "main"
      ],
      "files": [
        "833.js"
      ],
      "auxiliaryFiles": [],
      "hash": "af8a91f7329b8b7b",
      "childrenByOrder": {}
    }
  ]
}