{
  "chunks": [
    {
      "rendered": true,
      "initial": false,
      "entry": false,
      "recorded": false,
      "reason": "reused as split chunk (cache group: defaultVendors)",
      "size": 1215387,
      "sizes": {
        "javascript": 1215387
      },
      "names": [],
      "idHints": [
        "vendors"
      ],
      "runtime": [
        "@openmrs/esm-patient-appointments-app",
        "main"
      ],
      "files": [
        "130.js"
      ],
      "auxiliaryFiles": [
        "130.js.map"
      ],
      "hash": "3813842c69457e57",
      "childrenByOrder": {}
    },
    {
      "rendered": true,
      "initial": false,
      "entry": false,
      "recorded": false,
      "size": 480,
      "sizes": {
        "javascript": 480
      },
      "names": [],
      "idHints": [],
      "runtime": [
        "@openmrs/esm-patient-appointments-app",
        "main"
      ],
      "files": [
        "152.js"
      ],
      "auxiliaryFiles": [
        "152.js.map"
      ],
      "hash": "de004ae1eb8cb812",
      "childrenByOrder": {}
    },
    {
      "rendered": true,
      "initial": true,
      "entry": true,
      "recorded": false,
      "size": 2023175,
      "sizes": {
        "consume-shared": 252,
        "javascript": 2001027,
        "share-init": 336,
        "runtime": 21560
      },
      "names": [
        "main"
      ],
      "idHints": [],
      "runtime": [
        "main"
      ],
      "files": [
        "main.js"
      ],
      "auxiliaryFiles": [
        "main.js.map"
      ],
      "hash": "7fbf4e7eb132c800",
      "childrenByOrder": {}
    },
    {
      "rendered": true,
      "initial": false,
      "entry": false,
      "recorded": false,
      "reason": "split chunk (cache group: defaultVendors)",
      "size": 25337,
      "sizes": {
        "javascript": 25337
      },
      "names": [],
      "idHints": [
        "vendors"
      ],
      "runtime": [
        "@openmrs/esm-patient-appointments-app",
        "main"
      ],
      "files": [
        "255.js"
      ],
      "auxiliaryFiles": [
        "255.js.map"
      ],
      "hash": "6c693440630d2039",
      "childrenByOrder": {}
    },
    {
      "rendered": true,
      "initial": false,
      "entry": false,
      "recorded": false,
      "size": 1536,
      "sizes": {
        "javascript": 1536
      },
      "names": [],
      "idHints": [],
      "runtime": [
        "@openmrs/esm-patient-appointments-app",
        "main"
      ],
      "files": [
        "271.js"
      ],
      "auxiliaryFiles": [],
      "hash": "7e9ada4ebbb1d057",
      "childrenByOrder": {}
    },
    {
      "rendered": true,
      "initial": false,
      "entry": false,
      "recorded": false,
      "size": 480,
      "sizes": {
        "javascript": 480
      },
      "names": [],
      "idHints": [],
      "runtime": [
        "@openmrs/esm-patient-appointments-app",
        "main"
      ],
      "files": [
        "303.js"
      ],
      "auxiliaryFiles": [
        "303.js.map"
      ],
      "hash": "a3cfc9084c6c606f",
      "childrenByOrder": {}
    },
    {
      "rendered": true,
      "initial": false,
      "entry": false,
      "recorded": false,
      "size": 2304,
      "sizes": {
        "javascript": 2304
      },
      "names": [],
      "idHints": [],
      "runtime": [
        "@openmrs/esm-patient-appointments-app",
        "main"
      ],
      "files": [
        "319.js"
      ],
      "auxiliaryFiles": [],
      "hash": "c4f649bf19dad961",
      "childrenByOrder": {}
    },
    {
      "rendered": true,
      "initial": false,
      "entry": false,
      "recorded": false,
      "size": 8391,
      "sizes": {
        "javascript": 8391
      },
      "names": [],
      "idHints": [],
      "runtime": [
        "@openmrs/esm-patient-appointments-app",
        "main"
      ],
      "files": [
        "323.js"
      ],
      "auxiliaryFiles": [
        "323.js.map"
      ],
      "hash": "c9c74f3dde1622c8",
      "childrenByOrder": {}
    },
    {
      "rendered": false,
      "initial": false,
      "entry": false,
      "recorded": false,
      "reason": "split chunk (cache group: default)",
      "size": 42,
      "sizes": {
        "consume-shared": 42
      },
      "names": [],
      "idHints": [],
      "runtime": [
        "@openmrs/esm-patient-appointments-app",
        "main"
      ],
      "files": [],
      "auxiliaryFiles": [],
      "hash": "56e26a67b0de8e59",
      "childrenByOrder": {}
    },
    {
      "rendered": true,
      "initial": false,
      "entry": false,
      "recorded": false,
      "reason": "split chunk (cache group: defaultVendors)",
      "size": 69782,
      "sizes": {
        "javascript": 69782
      },
      "names": [],
      "idHints": [
        "vendors"
      ],
      "runtime": [
        "@openmrs/esm-patient-appointments-app",
        "main"
      ],
      "files": [
        "399.js"
      ],
      "auxiliaryFiles": [
        "399.js.map"
      ],
      "hash": "ffdd851a4640d6d1",
      "childrenByOrder": {}
    },
    {
      "rendered": true,
      "initial": false,
      "entry": false,
      "recorded": false,
      "size": 2068,
      "sizes": {
        "javascript": 2068
      },
      "names": [],
      "idHints": [],
      "runtime": [
        "@openmrs/esm-patient-appointments-app",
        "main"
      ],
      "files": [
        "460.js"
      ],
      "auxiliaryFiles": [],
      "hash": "16e0cc5727fd93d5",
      "childrenByOrder": {}
    },
    {
      "rendered": true,
      "initial": false,
      "entry": false,
      "recorded": false,
      "reason": "reused as split chunk (cache group: defaultVendors)",
      "size": 40147,
      "sizes": {
        "javascript": 40147
      },
      "names": [],
      "idHints": [
        "vendors"
      ],
      "runtime": [
        "@openmrs/esm-patient-appointments-app",
        "main"
      ],
      "files": [
        "553.js"
      ],
      "auxiliaryFiles": [
        "553.js.map"
      ],
      "hash": "64d99718a27921d6",
      "childrenByOrder": {}
    },
    {
      "rendered": true,
      "initial": false,
      "entry": false,
      "recorded": false,
      "size": 1183,
      "sizes": {
        "javascript": 1183
      },
      "names": [],
      "idHints": [],
      "runtime": [
        "@openmrs/esm-patient-appointments-app",
        "main"
      ],
      "files": [
        "574.js"
      ],
      "auxiliaryFiles": [],
      "hash": "dc01b40727a63773",
      "childrenByOrder": {}
    },
    {
      "rendered": false,
      "initial": false,
      "entry": false,
      "recorded": false,
      "reason": "reused as split chunk (cache group: default)",
      "size": 126,
      "sizes": {
        "consume-shared": 126
      },
      "names": [],
      "idHints": [],
      "runtime": [
        "@openmrs/esm-patient-appointments-app",
        "main"
      ],
      "files": [],
      "auxiliaryFiles": [],
      "hash": "bb997589c7f8dbce",
      "childrenByOrder": {}
    },
    {
      "rendered": true,
      "initial": false,
      "entry": false,
      "recorded": false,
      "reason": "reused as split chunk (cache group: defaultVendors)",
      "size": 251616,
      "sizes": {
        "javascript": 251616
      },
      "names": [],
      "idHints": [
        "vendors"
      ],
      "runtime": [
        "@openmrs/esm-patient-appointments-app",
        "main"
      ],
      "files": [
        "591.js"
      ],
      "auxiliaryFiles": [
        "591.js.map"
      ],
      "hash": "4cff5616fffb0496",
      "childrenByOrder": {}
    },
    {
      "rendered": true,
      "initial": false,
      "entry": false,
      "recorded": false,
      "size": 1536,
      "sizes": {
        "javascript": 1536
      },
      "names": [],
      "idHints": [],
      "runtime": [
        "@openmrs/esm-patient-appointments-app",
        "main"
      ],
      "files": [
        "644.js"
      ],
      "auxiliaryFiles": [],
      "hash": "10d1aad37ba7d5a8",
      "childrenByOrder": {}
    },
    {
      "rendered": true,
      "initial": false,
      "entry": false,
      "recorded": false,
      "reason": "reused as split chunk (cache group: defaultVendors)",
      "size": 25530,
      "sizes": {
        "javascript": 25530
      },
      "names": [],
      "idHints": [
        "vendors"
      ],
      "runtime": [
        "@openmrs/esm-patient-appointments-app",
        "main"
      ],
      "files": [
        "729.js"
      ],
      "auxiliaryFiles": [
        "729.js.map"
      ],
      "hash": "9d315abc272de291",
      "childrenByOrder": {}
    },
    {
      "rendered": true,
      "initial": false,
      "entry": false,
      "recorded": false,
      "reason": "reused as split chunk (cache group: default)",
      "size": 121678,
      "sizes": {
        "javascript": 121552,
        "consume-shared": 126
      },
      "names": [],
      "idHints": [],
      "runtime": [
        "@openmrs/esm-patient-appointments-app",
        "main"
      ],
      "files": [
        "738.js"
      ],
      "auxiliaryFiles": [
        "738.js.map"
      ],
      "hash": "fc34ac38af4dc5b0",
      "childrenByOrder": {}
    },
    {
      "rendered": true,
      "initial": false,
      "entry": false,
      "recorded": false,
      "size": 56641,
      "sizes": {
        "consume-shared": 42,
        "javascript": 56599
      },
      "names": [],
      "idHints": [],
      "runtime": [
        "@openmrs/esm-patient-appointments-app"
      ],
      "files": [
        "742.js"
      ],
      "auxiliaryFiles": [
        "742.js.map"
      ],
      "hash": "072f60f61fd728c8",
      "childrenByOrder": {}
    },
    {
      "rendered": true,
      "initial": false,
      "entry": false,
      "recorded": false,
      "size": 2491,
      "sizes": {
        "javascript": 2491
      },
      "names": [],
      "idHints": [],
      "runtime": [
        "@openmrs/esm-patient-appointments-app",
        "main"
      ],
      "files": [
        "757.js"
      ],
      "auxiliaryFiles": [],
      "hash": "7ad6ae301ed62511",
      "childrenByOrder": {}
    },
    {
      "rendered": true,
      "initial": false,
      "entry": false,
      "recorded": false,
      "size": 7103,
      "sizes": {
        "javascript": 7103
      },
      "names": [],
      "idHints": [],
      "runtime": [
        "@openmrs/esm-patient-appointments-app",
        "main"
      ],
      "files": [
        "784.js"
      ],
      "auxiliaryFiles": [
        "784.js.map"
      ],
      "hash": "7c84f4c33ac70e36",
      "childrenByOrder": {}
    },
    {
      "rendered": true,
      "initial": false,
      "entry": false,
      "recorded": false,
      "size": 2341,
      "sizes": {
        "javascript": 2341
      },
      "names": [],
      "idHints": [],
      "runtime": [
        "@openmrs/esm-patient-appointments-app",
        "main"
      ],
      "files": [
        "788.js"
      ],
      "auxiliaryFiles": [],
      "hash": "69d224c0c3273f4a",
      "childrenByOrder": {}
    },
    {
      "rendered": true,
      "initial": false,
      "entry": false,
      "recorded": false,
      "size": 2415,
      "sizes": {
        "javascript": 2415
      },
      "names": [],
      "idHints": [],
      "runtime": [
        "@openmrs/esm-patient-appointments-app",
        "main"
      ],
      "files": [
        "807.js"
      ],
      "auxiliaryFiles": [],
      "hash": "d05a74dde44af81b",
      "childrenByOrder": {}
    },
    {
      "rendered": true,
      "initial": false,
      "entry": false,
      "recorded": false,
      "size": 1931,
      "sizes": {
        "javascript": 1931
      },
      "names": [],
      "idHints": [],
      "runtime": [
        "@openmrs/esm-patient-appointments-app",
        "main"
      ],
      "files": [
        "833.js"
      ],
      "auxiliaryFiles": [],
      "hash": "297425a52567c565",
      "childrenByOrder": {}
    },
    {
      "rendered": true,
      "initial": true,
      "entry": true,
      "recorded": false,
      "size": 21501,
      "sizes": {
        "javascript": 42,
        "share-init": 336,
        "runtime": 21123
      },
      "names": [
        "@openmrs/esm-patient-appointments-app"
      ],
      "idHints": [],
      "runtime": [
        "@openmrs/esm-patient-appointments-app"
      ],
      "files": [
        "openmrs-esm-patient-appointments-app.js"
      ],
      "auxiliaryFiles": [
        "openmrs-esm-patient-appointments-app.js.map"
      ],
      "hash": "f9173c9bf43db8c0",
      "childrenByOrder": {}
    },
    {
      "rendered": true,
      "initial": false,
      "entry": false,
      "recorded": false,
      "size": 7160,
      "sizes": {
        "javascript": 7160
      },
      "names": [],
      "idHints": [],
      "runtime": [
        "@openmrs/esm-patient-appointments-app",
        "main"
      ],
      "files": [
        "879.js"
      ],
      "auxiliaryFiles": [
        "879.js.map"
      ],
      "hash": "367702192b21b1e0",
      "childrenByOrder": {}
    },
    {
      "rendered": false,
      "initial": false,
      "entry": false,
      "recorded": false,
      "reason": "reused as split chunk (cache group: default)",
      "size": 42,
      "sizes": {
        "consume-shared": 42
      },
      "names": [],
      "idHints": [],
      "runtime": [
        "@openmrs/esm-patient-appointments-app",
        "main"
      ],
      "files": [],
      "auxiliaryFiles": [],
      "hash": "477d9dba89ab7df3",
      "childrenByOrder": {}
    },
    {
      "rendered": true,
      "initial": false,
      "entry": false,
      "recorded": false,
      "reason": "split chunk (cache group: defaultVendors)",
      "size": 1919091,
      "sizes": {
        "javascript": 1919091
      },
      "names": [],
      "idHints": [
        "vendors"
      ],
      "runtime": [
        "@openmrs/esm-patient-appointments-app",
        "main"
      ],
      "files": [
        "999.js"
      ],
      "auxiliaryFiles": [
        "999.js.map"
      ],
      "hash": "991a33ff66684c9e",
      "childrenByOrder": {}
    }
  ]
}