{"$schema":"https://json.openmrs.org/routes.schema.json","backendDependencies":{"webservices.rest":"^2.2.0"},"extensions":[{"name":"appointments-overview-widget","component":"appointmentsOverview","order":8,"meta":{"columnSpan":4}},{"name":"appointments-details-widget","component":"appointmentsDetailedSummary","slot":"patient-chart-appointments-dashboard-slot","meta":{"columnSpan":1}},{"name":"appointments-summary-dashboard","component":"appointmentsSummaryDashboardLink","slot":"patient-chart-dashboard-slot","order":11,"meta":{"columns":1,"columnSpan":1,"slot":"patient-chart-appointments-dashboard-slot","title":"Appointments","path":"Appointments"}},{"name":"appointment-cancel-confirmation-dialog","component":"appointmentsCancelConfirmationDialog"},{"name":"upcoming-appointment-widget","component":"upcomingAppointmentsWidget","slot":"upcoming-appointment-slot"}],"pages":[],"version":"7.0.2-pre.3866"}