{
  "chunks": [
    {
      "rendered": true,
      "initial": false,
      "entry": false,
      "recorded": false,
      "reason": "reused as split chunk (cache group: defaultVendors)",
      "size": 31277,
      "sizes": {
        "javascript": 31277
      },
      "names": [],
      "idHints": [
        "vendors"
      ],
      "runtime": [
        "@openmrs/esm-form-builder-app",
        "main"
      ],
      "files": [
        "127.js"
      ],
      "auxiliaryFiles": [
        "127.js.map"
      ],
      "hash": "e0cb3e00cfd19625",
      "childrenByOrder": {}
    },
    {
      "rendered": false,
      "initial": false,
      "entry": false,
      "recorded": false,
      "reason": "split chunk (cache group: default)",
      "size": 84,
      "sizes": {
        "consume-shared": 84
      },
      "names": [],
      "idHints": [],
      "runtime": [
        "@openmrs/esm-form-builder-app",
        "main"
      ],
      "files": [],
      "auxiliaryFiles": [],
      "hash": "518ae82066d81c40",
      "childrenByOrder": {}
    },
    {
      "rendered": true,
      "initial": false,
      "entry": false,
      "recorded": false,
      "size": 2181,
      "sizes": {
        "consume-shared": 42,
        "javascript": 2139
      },
      "names": [],
      "idHints": [],
      "runtime": [
        "@openmrs/esm-form-builder-app"
      ],
      "files": [
        "153.js"
      ],
      "auxiliaryFiles": [
        "153.js.map"
      ],
      "hash": "4121dd0563784128",
      "childrenByOrder": {}
    },
    {
      "rendered": true,
      "initial": false,
      "entry": false,
      "recorded": false,
      "reason": "reused as split chunk (cache group: defaultVendors)",
      "size": 201581,
      "sizes": {
        "javascript": 201581
      },
      "names": [],
      "idHints": [
        "vendors"
      ],
      "runtime": [
        "@openmrs/esm-form-builder-app",
        "main"
      ],
      "files": [
        "164.js"
      ],
      "auxiliaryFiles": [
        "164.js.map"
      ],
      "hash": "84b779495120e0b1",
      "childrenByOrder": {}
    },
    {
      "rendered": true,
      "initial": true,
      "entry": true,
      "recorded": false,
      "size": 22517,
      "sizes": {
        "consume-shared": 42,
        "javascript": 2139,
        "share-init": 210,
        "runtime": 20126
      },
      "names": [
        "main"
      ],
      "idHints": [],
      "runtime": [
        "main"
      ],
      "files": [
        "main.js"
      ],
      "auxiliaryFiles": [
        "main.js.map"
      ],
      "hash": "4d40dda42ce28906",
      "childrenByOrder": {}
    },
    {
      "rendered": true,
      "initial": false,
      "entry": false,
      "recorded": false,
      "size": 3602,
      "sizes": {
        "javascript": 3602
      },
      "names": [],
      "idHints": [],
      "runtime": [
        "@openmrs/esm-form-builder-app",
        "main"
      ],
      "files": [
        "256.js"
      ],
      "auxiliaryFiles": [
        "256.js.map"
      ],
      "hash": "787937730b6dc905",
      "childrenByOrder": {}
    },
    {
      "rendered": true,
      "initial": false,
      "entry": false,
      "recorded": false,
      "size": 7103,
      "sizes": {
        "javascript": 7103
      },
      "names": [],
      "idHints": [],
      "runtime": [
        "@openmrs/esm-form-builder-app",
        "main"
      ],
      "files": [
        "294.js"
      ],
      "auxiliaryFiles": [
        "294.js.map"
      ],
      "hash": "b314e60f1c149ba9",
      "childrenByOrder": {}
    },
    {
      "rendered": true,
      "initial": false,
      "entry": false,
      "recorded": false,
      "size": 9345,
      "sizes": {
        "javascript": 9345
      },
      "names": [],
      "idHints": [],
      "runtime": [
        "@openmrs/esm-form-builder-app",
        "main"
      ],
      "files": [
        "319.js"
      ],
      "auxiliaryFiles": [],
      "hash": "c49c5a43474341c0",
      "childrenByOrder": {}
    },
    {
      "rendered": true,
      "initial": false,
      "entry": false,
      "recorded": false,
      "reason": "split chunk (cache group: defaultVendors)",
      "size": 2563762,
      "sizes": {
        "javascript": 2563762
      },
      "names": [],
      "idHints": [
        "vendors"
      ],
      "runtime": [
        "@openmrs/esm-form-builder-app",
        "main"
      ],
      "files": [
        "333.js"
      ],
      "auxiliaryFiles": [
        "333.js.map"
      ],
      "hash": "ec26bad1e23fa22b",
      "childrenByOrder": {}
    },
    {
      "rendered": true,
      "initial": false,
      "entry": false,
      "recorded": false,
      "size": 984,
      "sizes": {
        "javascript": 984
      },
      "names": [],
      "idHints": [],
      "runtime": [
        "@openmrs/esm-form-builder-app",
        "main"
      ],
      "files": [
        "447.js"
      ],
      "auxiliaryFiles": [
        "447.js.map"
      ],
      "hash": "7fadd63088be49ea",
      "childrenByOrder": {}
    },
    {
      "rendered": true,
      "initial": false,
      "entry": false,
      "recorded": false,
      "reason": "reused as split chunk (cache group: defaultVendors)",
      "size": 29495,
      "sizes": {
        "javascript": 29495
      },
      "names": [],
      "idHints": [
        "vendors"
      ],
      "runtime": [
        "@openmrs/esm-form-builder-app",
        "main"
      ],
      "files": [
        "527.js"
      ],
      "auxiliaryFiles": [
        "527.js.map"
      ],
      "hash": "a720aabbfca50357",
      "childrenByOrder": {}
    },
    {
      "rendered": true,
      "initial": false,
      "entry": false,
      "recorded": false,
      "size": 9260,
      "sizes": {
        "javascript": 9260
      },
      "names": [],
      "idHints": [],
      "runtime": [
        "@openmrs/esm-form-builder-app",
        "main"
      ],
      "files": [
        "574.js"
      ],
      "auxiliaryFiles": [],
      "hash": "1da013de0387b341",
      "childrenByOrder": {}
    },
    {
      "rendered": true,
      "initial": false,
      "entry": false,
      "recorded": false,
      "size": 11051,
      "sizes": {
        "javascript": 11051
      },
      "names": [],
      "idHints": [],
      "runtime": [
        "@openmrs/esm-form-builder-app",
        "main"
      ],
      "files": [
        "626.js"
      ],
      "auxiliaryFiles": [
        "626.js.map"
      ],
      "hash": "8121ff38bfc8ddc9",
      "childrenByOrder": {}
    },
    {
      "rendered": false,
      "initial": false,
      "entry": false,
      "recorded": false,
      "reason": "reused as split chunk (cache group: default)",
      "size": 42,
      "sizes": {
        "consume-shared": 42
      },
      "names": [],
      "idHints": [],
      "runtime": [
        "@openmrs/esm-form-builder-app",
        "main"
      ],
      "files": [],
      "auxiliaryFiles": [],
      "hash": "c20b64ea6ed751d0",
      "childrenByOrder": {}
    },
    {
      "rendered": true,
      "initial": false,
      "entry": false,
      "recorded": false,
      "size": 323548,
      "sizes": {
        "javascript": 323506,
        "consume-shared": 42
      },
      "names": [],
      "idHints": [],
      "runtime": [
        "@openmrs/esm-form-builder-app",
        "main"
      ],
      "files": [
        "729.js"
      ],
      "auxiliaryFiles": [
        "729.js.map"
      ],
      "hash": "2f208eb093a15b7b",
      "childrenByOrder": {}
    },
    {
      "rendered": true,
      "initial": false,
      "entry": false,
      "recorded": false,
      "size": 9345,
      "sizes": {
        "javascript": 9345
      },
      "names": [],
      "idHints": [],
      "runtime": [
        "@openmrs/esm-form-builder-app",
        "main"
      ],
      "files": [
        "757.js"
      ],
      "auxiliaryFiles": [],
      "hash": "e3182ff4297c5147",
      "childrenByOrder": {}
    },
    {
      "rendered": true,
      "initial": false,
      "entry": false,
      "recorded": false,
      "reason": "split chunk (cache group: defaultVendors)",
      "size": 4168894,
      "sizes": {
        "javascript": 4168894
      },
      "names": [],
      "idHints": [
        "vendors"
      ],
      "runtime": [
        "@openmrs/esm-form-builder-app",
        "main"
      ],
      "files": [
        "772.js"
      ],
      "auxiliaryFiles": [
        "002a2ac7b7d3b3b807ddcb210cfc91eb.js",
        "003671ee2a876e7614cd94390e2255b3.js",
        "0144de97a3c256f81447e7e7135780e5.js",
        "02174460fe8ff6a6bc19db86543b9600.js",
        "023545291c7d55eb893591da836fc73d.js",
        "029ed9161a8d24a9c2ba97124020989d.js",
        "02b97d3c4a7e895228beec69fb63e420.js",
        "03452373324e7ceaf58e3830eafd1a28.js",
        "03980cb12dacd26148c22bb61fce440f.js",
        "039ae6f160cd9781bcbb003484e23cdc.js",
        "03aae8272914723a7bf85b984385032c.js",
        "069a0d6b093e73e820f6a60a91fa614b.js",
        "06d958315fc6cdbb28576b03e43203aa.js",
        "07397bd479cbc34bc04576b4f15bdf18.js",
        "07567125b93045706d81f17f7d04e262.js",
        "078dd0bd08c93b1512e3d1b777591b21.js",
        "08d12eee2127dc573b757f69752c6704.js",
        "0972f21af3e75388ef55435c0b3b831d.js",
        "0973bb38b2e3efd2a879fd8e81d50fce.js",
        "0a1d9862d917663419ac2dd2e8193267.js",
        "0b06cbc7edf78b6f2810187262e7630b.js",
        "0c1e757d25446799bcab87a8607dee60.js",
        "0d419aec4c7e2317238c3502a967b560.js",
        "0d8cca845a71e82acc3ffc1fc95c94f3.js",
        "0e693b29bbe881d5b78f15fb9cacbedd.js",
        "0ec8abb2e91cb079eed4605ea6851cb8.js",
        "0f147528a6f36ca40c8b3ec796429f58.js",
        "10132993df2cf9c9423b53a8a44379ab.js",
        "1034e3807d1bcf55cb564491950237ab.js",
        "1092154c23dcc20005a669b15497159f.js",
        "10c464f3f882bfeeefbc0934c2ee9fbe.js",
        "111d9fdb9864abba36298d1a0807fe6d.js",
        "116d29a13f16f0a9bf9c25eaa2186c24.js",
        "119f6c45ea400e3c27e1ce172e4c881d.js",
        "11e3a2a8fb5bcb9d19298a80cafd3f5a.js",
        "130340e2c62b9e858f186dab5f491e55.js",
        "135747176621bcc94e9edd0323a81d3c.js",
        "13eda3507db9cbfb400f46b9b3ff6553.js",
        "1495a3d68b15b8622c53f6688b64809f.js",
        "151786e5421aae5a57d862be1387a079.js",
        "1533058f0ce13acdaa8d5bdc7d147bef.js",
        "154e51d48e7dc7f244bf748e4deb64f9.js",
        "15f3800d33b854ba476c9daf1b9e0326.js",
        "16b5146f5e9b7a1a196f6d11a6187282.js",
        "170487867de05784a96608617bdd544d.js",
        "1736cea368ae85240f34289307fdf67f.js",
        "17632e1e19e438f431784dfd77e01773.js",
        "17b41db8dd7120d3a88417a1490f57b7.js",
        "17dc98279d24649d3ca77cbce8c44e83.js",
        "1875ecdf54e78b5f07ff1bd944cf794b.js",
        "19017707f34649cae551ee9d5ea1edbf.js",
        "191feb6103c36b202bc01ba262916cdf.js",
        "19df93bf1797b4caf8232cc4b544f865.js",
        "1ab96c77da77918d9160c787732c68a6.js",
        "1b15b9f88acaf59b96e59c6b5f32da12.js",
        "1c57b3481f295105588972ffa1305521.js",
        "1d633c2bf495c2c286fe37d00950e1d4.js",
        "1db8d65ab1ad8dbb0aae7b9ebe280ca7.js",
        "1ef4b371fd98f0144354e57bb89d7fa3.js",
        "1ff3e5ecc0f8d69a4611a7cd8337f0b2.js",
        "2091e4c01015d7dda392116f3ae59801.js",
        "211511e7b374f57ad31acaf49dbdccb1.js",
        "2184bcd361a0e38d249bc49439d994cb.js",
        "2272c6632c52c3e402ab27b8045ab8f1.js",
        "23602ad4c88f0f19e7a0a12454ebf556.js",
        "23bb1a9f279e7a732bfd405350aab114.js",
        "24a3ff38afde257888d755ece9bfd704.js",
        "250c230f9465d8affc02c67d41d7e067.js",
        "252b829e2dab81bc5a4c28d52f34edf5.js",
        "25718a469574ade47e23567d8c543169.js",
        "25eda4bb98e40a82cfd5b4bf9fbc06ec.js",
        "2611b2dc99534665bf6734ddfa6b8de4.js",
        "262f489eb59166e1215642b60446d123.js",
        "275b72e6e6256f50527832ba14ec291e.js",
        "2765855f04cd6d7fb7fcf0a81c1e2022.js",
        "277128dcbc226dfeb8fde9391fb24787.js",
        "2772fa250d538d9b7a8702fb6c50d195.js",
        "27730a0bdc6f430cc85049a46a73a029.js",
        "283970c76db99e2d0d90f0e7c45494f9.js",
        "28785bea435918d49b290d27bf660baa.js",
        "2ad349208b3a727abb3c9f943865a27c.js",
        "2adc6bc4a8a2bf35636e8fc7fe0df2dd.js",
        "2dd82c65030101b60dffccedd8741c6e.js",
        "2e2f30806fe3accb9b340fb082a1494e.js",
        "2f055ac4066041b9008dd6aebf9df34b.js",
        "2f25a4dc442bc9aebc58cae30c50c3e2.js",
        "2f55cddc8eb85b63ee5b4ce0e5488230.js",
        "2fc0239242a898632ca8aa451cb930c2.js",
        "2fe2904fc024afaf81732563cb83e547.js",
        "3053f55c4697117c4c2cd156803b3155.js",
        "3063479c31202a0d1ecf707b2a4ce742.js",
        "30d2b805bcbc5d6bd558d7bdf9137a0e.js",
        "32f291b1164c2610ed1a9260677d15f0.js",
        "330c0deacbfbbb6f1249b5bd887d608a.js",
        "33b4e371d4983ab56f4db08627119f0b.js",
        "349237ad9565dc823ce7bcb7527ba7ee.js",
        "3564e45dfb2ed064007f910db434889f.js",
        "3567d1ea443427e944a6f189a0898819.js",
        "356c61041d30223f74711e79c8bb8ae9.js",
        "363d3bac8dcd9a83332c3758185ce080.js",
        "37172facd8a534a38f378ca2a9c7c11b.js",
        "37ee3b5201ae2e2dc5dc8b1b20ad900e.js",
        "38b1d18836e38ee7b4deaeba0c35f7b8.js",
        "392e4c8d74cb1c9267a14eb0270ba2d6.js",
        "397e6669a1d15065bd742d20079d6a95.js",
        "39fea85ed7dd99d7c6c9e59b7040523f.js",
        "3a3b2fef963d6c2c49c5b11b74a9ea81.js",
        "3a6ca6958d003ae67bb7fefc8713ee93.js",
        "3aa8f5e8ff182ed46cb6570dad4c4eee.js",
        "3afb97252c417c5f0dd54e20b1954f63.js",
        "3b02cca9e95276a74f3ed2bbc7a64ce6.js",
        "3b190e5159c72fb7e27271956772bcba.js",
        "3b544bb2c5a4e7b225a4b50235a0fd6d.js",
        "3b6e7dc98c47eeafd851ca5072db4be6.js",
        "3b8b51248b6aa0474a02a6c352d1caa1.js",
        "3bd6e7a72c8b16825ce3a83b17bd681e.js",
        "3bfb519dbb980d6d8fee1bf543dfc5ae.js",
        "3c1857a15493f62c5c85c13007a6c32c.js",
        "3c5b59a666c5d39d9ba9cc054d36a410.js",
        "3cd75b9fb238f5af900205216be23a66.js",
        "3d7fd940e543a183c4c376ef0d65773a.js",
        "3db12a05792313b3c537e3256f5e2e93.js",
        "3ea020c57c2bbf457a8497df313b2e5c.js",
        "3fa11e77942b4cf2c50e845525ae5a9f.js",
        "3fe09c1c283d4a26d228f37a77a018b2.js",
        "40f9100a898e3396df73051eb7c44cb8.js",
        "410ecb602443afbd5908a14f39b40eb2.js",
        "4123d5ea3e1f99dd3a5f2a89e16c6e59.js",
        "41469950e6a0ef73a57342235b44c55a.js",
        "4150db3307181a1afef55ab2c9ec191e.js",
        "43139bfbcbce9de597b4985dc1e6a03b.js",
        "432aff60ba31a74d2120031fdc894775.js",
        "438ed06fb7f9516b12edaf7411c832b0.js",
        "4430c55f023b72fb5e389cee9351b38c.js",
        "45873024a393c691246898090c972cd3.js",
        "4686855c499be892779f614770ec2cf7.js",
        "46f088332f17d2ea452bd0ef7a5cdbc6.js",
        "474c86d7a4a0fa50030c6503fdb52392.js",
        "47e5776dff3b80ed69ab5947dba33c76.js",
        "4816d92f4fbed14925ed1946f4135365.js",
        "489b22b946f5972fed0daab6ef587c60.js",
        "48e9351c5623d4da657ce7d5d0267ea6.js",
        "494ca3291c219565bfb6e45f8eb8c583.js",
        "49582665262ff6179b9f3a98adf7ed5c.js",
        "49c44a682cc7627c4a2e8b4d1cfec022.js",
        "49c58e614c06572ffbabe974a7fda21c.js",
        "4afde8c89469302b064e693fa77035f6.js",
        "4b692785a8a6340a89e6067274a7583c.js",
        "4b73278b511eebb4d0f44a0eec778327.js",
        "4b75999ea99d719689337def2fab50a3.js",
        "4bf3bc1fbdd26ac698fef1bdf26e3ff4.js",
        "4d0ebf4c528cee9b0cdd3e076e06570b.js",
        "4d156ee0485ab4b40b090a3cd7b995a9.js",
        "4d6d9020e7e5c8d8dee7a5e374355f05.js",
        "4d8cb7033879cb7fcc7a43798e2bde22.js",
        "4dec4bb457555975c148226534ecbdbe.js",
        "4e389cce6fb8f78845fab249bce43c0b.js",
        "4ef80ee74467e0297eec3cc03092da01.js",
        "4f5c3cb0b76fa2978539d8b64a71537d.js",
        "4f89e8c1a691faf5f1bfe3987ddf108a.js",
        "5061ac5e99882b9f26051a5d73c75271.js",
        "50bd9a652785963a5d7d24bda4dee4ca.js",
        "51f903c5ce5284a63196247cffb5ca40.js",
        "52c9726f9e52ed3a57c0634718366029.js",
        "52ee9d28ed4c3389951a46084343a993.js",
        "52fd09d1713345d9ee64dc7daea9fd6f.js",
        "531e426da5d4c152efe1e9522991e466.js",
        "5352ecd8e5f1a2637b48e18cc406edb1.js",
        "53e2fb3b82eafad81897aab9ab79edff.js",
        "53e3600928916423671f3388e2d67844.js",
        "54560f13b36626237959e93b7771a484.js",
        "54a10f3bddad1e6da452fee7124fe846.js",
        "54a7b0b5248e428a4a703329f36e286f.js",
        "55a1830305eaf8f525aad4c04c138483.js",
        "56ddbe1e119db3c02da97dc04012cf2b.js",
        "57f4109bd1f06be4dc2bcb8ff7eaf1e5.js",
        "582e24f5ba929e358fadfc7be4c18025.js",
        "583d06a5b9251de455ebd89550449842.js",
        "58598705e7012f4ca1eb1dd21d3c59a5.js",
        "5861dfe4f2c7823623e82d0619c5bf06.js",
        "58aab872dbdb5e1607076e1935130e03.js",
        "58c35e5c73bbc1664bbd67c570342aa0.js",
        "59cc05504a1c823b6d4796bf6b430822.js",
        "5a496ae20cc576bef1d35972548207cf.js",
        "5aedf04cf240c6c43540081c3bf9573e.js",
        "5b2b9bc695bfdee92665388010a7e74d.js",
        "5b6a626249d0bc43e412fffa6a9ee177.js",
        "5cab33610b8d9c1aee4db4672811cb5f.js",
        "5cd4e1282f4409600b942819b7aa4f21.js",
        "5d3314103b00c8ea165c6f9f6757f794.js",
        "5d833ca045603c1105d2db3b9d931274.js",
        "5df362c9904925cdf574d9506e4be76d.js",
        "5e55b301888460bd06c8e26d1011e01a.js",
        "5e8a4f4320a07ae4bb1d8a5cd621d955.js",
        "5f3ce6efab3c679ec1ad25ab0b3f6b2f.js",
        "5f8e9f09349e37425d6ef96bf1bf7a2d.js",
        "5fc5b7fdc1899b18bee20c7905c76182.js",
        "5fedbf948ed123687f77167fac1faf8b.js",
        "6231f0100394f756aac18e8d972d8f2b.js",
        "6257c20a623b032171b358cc95a1adab.js",
        "62a96977e725e8bc809dc80afe0fedf1.js",
        "6327ff8d569aa463a91e5ea774d1980e.js",
        "63596b4896732fb322ab0496b4be1e74.js",
        "6365d65802807679247605c8df7ea9ec.js",
        "6416bde11154c29c4e296eb82fed0bdf.js",
        "645b74a0625033669c9d0440b32e3fd0.js",
        "64a5f4d62507d032038dcd76d15188e1.js",
        "64d6924350bd7706850cdc0dcc76ccf6.js",
        "663ffb67b9683a2126410325d1a5a152.js",
        "66713913fc89a3bcad5d7804c03dcb43.js",
        "6707296f86034ccf2225ce3c27370114.js",
        "677b2b5d0c9507508a831e4b67d61c6e.js",
        "686915e134683f72ea5f3c227a6f13be.js",
        "69ec362e03850ff2d49044acbb19b385.js",
        "6aa13e92b5cf7d479e73acdc7c05abf3.js",
        "6b07bdedc12700f257d08813b3c0887f.js",
        "6bbbe63c75c85941f855ab27fb5f36db.js",
        "6c0a75dc5671c3f237a79f6e45b9891c.js",
        "6c67587c2093ac3a19da9f2196e040b7.js",
        "6d38cef4a006e6cfe54a6117aba7b600.js",
        "6f77d1c97d1c6937d21c4a1034be62b6.js",
        "6faa9e5f2a0122d2333fa450337a09b0.js",
        "700530bc418f23dccca7db36bfa9f745.js",
        "70074e0c785c9a808dea76c7c7d17af3.js",
        "70286c33cab463fd576766adecd2d5d9.js",
        "7080d2a1db1608264a6d9d9fbaf2cce8.js",
        "70e2f052e416e2611ded0f57ed53f18a.js",
        "714763ddd9bd466c95df7b042900bb87.js",
        "71f39fefd16025c224fe31cdb352ae01.js",
        "724a16861717b5b4f786d24b56b62614.js",
        "725da29f1643c2263a437c08a1454aea.js",
        "727e2cbdf695b3abfe88917062d16a5f.js",
        "73cdbb2580cd6a02d989c86e56bb83f3.js",
        "755114145e5b97e5571a160a39e716db.js",
        "7620537538da40e17ccbf70a43f4fd0c.js",
        "764b59bdd3a89e14f88c9d63020551a1.js",
        "772.js.map",
        "77aaca51c1c32acaf32656d45f4dc017.js",
        "77c629df0ebf40b066d0ffeb34b7711b.js",
        "78b1ba82f7882d931072c4ef6e87f579.js",
        "796a2d1a925ed311f35e5fc5907a3132.js",
        "7abc8b6c17be848321a446cfd88c27a9.js",
        "7cc98960277ab04470e3ff9ed5fc6028.js",
        "7d64980faff5b041a461fd0ba3e2f3f5.js",
        "7e4099fc2d04c7c1cf96892b962ba4ec.js",
        "7e4b5afab13800eedc72d1669997de99.js",
        "7f79d4bde67c8013b187889b63e25bce.js",
        "7f9a9efc9ab681fcbf6400e2adb368a9.js",
        "805cb6232d7a9fa46025d48a43622ecf.js",
        "80ddbf4f0fdde4ddba57130e61043017.js",
        "8211ff24c6eb59feeb74cf3ae60e4e5d.js",
        "83387cb17a7680f59240e7b399e3ac2b.js",
        "839e3594798c1942d3c92f9acfaa5f0b.js",
        "83bd353f98aa901411c82b8af58d1296.js",
        "83d1c691b58768e3ec0a1f88450a7ceb.js",
        "83e2ed887ee6426c8e0aa4d976b76720.js",
        "843c762c24f7fac628d8c62519a7b308.js",
        "84abf03cc94d264bb38020b4ac5f76e1.js",
        "852f0ecd7b17e3bfd700a821ff438f7e.js",
        "875ae58e8015a6d08dbc9d0c04e24638.js",
        "879d6bc1ca1dde95a9a98dc7a2ab0d06.js",
        "87bce6f50196688852142c679227b1b9.js",
        "88e2feda80ac8cfb28f1dc0ec833b40d.js",
        "894052ca1f8f35cc1cf7cfb29ef75027.js",
        "894edcaf39c3c95818e3949d737ed459.js",
        "8a31266178067a316bb2503147cdb5cb.js",
        "8a70eec5a46e423328f1e9d7d1a87f41.js",
        "8b0e5da82a1aa923f454ee2e6568850b.js",
        "8cfffdd2f772eec8342fdfc4d511e0cc.js",
        "8d7988f603ec76ecb92315442285a83d.js",
        "8d9bb1799d9b98db107e84f10132e17f.js",
        "8db9f93698f3eea94f936fcb5986f1a3.js",
        "8de1f09307a99c5a8bb0a53d32fbaaa9.js",
        "8ed58ed9c7e1cb1ae1f2830d29011ffb.js",
        "8eede17ae9e4d25c3c17b8a8a7fc3c3d.js",
        "8efee5c45bbfdd52eec7a8a0eec72ec3.js",
        "8f8ce96f0f6ce8d8a30d5f2dcb4eca76.js",
        "919edf70e532c72ecd4b9579c1879bc2.js",
        "92164e5d714ab4cda2b91eede29bc191.js",
        "9296988a753e8e251ff627aef2c929e8.js",
        "92e96a5183122509403347f8fde3e407.js",
        "92f4aab5c66f6269c7054c8fbcb3de13.js",
        "938b32f75aefeab50ba608132c5862c8.js",
        "93be766c753e075a3f7d5b89b3ee04ce.js",
        "945ea249c1f1d3595cc55a51046d9032.js",
        "949a350e1d9f92839865e927eb00673f.js",
        "951a8cbe4efaab1b1451ffd8904fc9dd.js",
        "962969a46fefcace3305abd4d6e14a2e.js",
        "9696a4229fb787eeb25b26f1274b75ee.js",
        "96efd2775defcf3611fe9a07ed29065f.js",
        "979239ac9b74c2c57dcc2b66e7e3b353.js",
        "9807cf1e443a7440371904b6525f37eb.js",
        "9827973b533de05b338533a0211d97d9.js",
        "996d24547b492c3140f64d51f5229f3c.js",
        "99e41196ce05ad5fb70891b44ac227e8.js",
        "99e45b7d238576aa6d4c830bd8715356.js",
        "9b1fd9cf4206cc32e84150c49707d811.js",
        "9b3441051d8551264ac58b36253b9b10.js",
        "9b5a6ec07bb0a2daade10189696fc399.js",
        "9b80d1a12acd18c90e41ca92073122a7.js",
        "9d29de85381ba75c190573ea82708954.js",
        "9ed8c3550b5c3c1e878d0692f0338cb7.js",
        "9fd3f255cfd09016ec7f4896bc51864c.js",
        "a13fa501edcc6c9712061e0ca5fd400e.js",
        "a1c8660c5bcc6b6a43a7fb3c351174d9.js",
        "a2746fc96d535b19c120d4b87dc86ef1.js",
        "a4bedde07e392f8ebf64341b61f75df2.js",
        "a4d638b976f02f35740be031f996e088.js",
        "a4e021a4b5d5d65cc87fee17c1886c3f.js",
        "a533e643002830be2da76c9527265860.js",
        "a58f90f6c8db84024327b4d9059c991e.js",
        "a6b8f5b8c9ce7808c5ca6baccdf1ad1e.js",
        "a709bba98acec5da3ea6258e245514cb.js",
        "a72ec8ab4a5bdfd6695dfa5fa86ef30d.js",
        "a9cb92db2399f7ac97ad55fe79fe5c20.js",
        "a9ed61bdf8ae777e7a6f68bf7175e839.js",
        "aa0eee504d52a12d3a30bbd523afcc34.js",
        "aa5623ec68d23fedb9c9c115c7d99063.js",
        "aa6c0d1a7dfd344894b8eba8db42ad04.js",
        "ab237eed5fd16ab99c06f0d28d465edb.js",
        "ab3d46f8dd12e29e10eb35c5e406bbcb.js",
        "ac0681e93739efad9b6f1b85453d6a1b.js",
        "ac12519ccf3cc323b28f70e35f922e3f.js",
        "acaef5b3d4971efbf24be1a229186ff5.js",
        "acb898eefa176c3f28344f5780cceb63.js",
        "ad88ef07c8c702b1a5f1e3d19c1052c7.js",
        "aefed4953ced506e20b934606ac083f3.js",
        "b02d982ccb1011197a5a24800b178a0a.js",
        "b1170472ae4b50e3b0070eb991e502fe.js",
        "b1e349371cb9c226905c846706ad8b93.js",
        "b1f3f77a9279cdb38846ebe13c3438bc.js",
        "b20cd9acf45420fcacfd923754185663.js",
        "b306285dfd802d091e788de0f96b8cb2.js",
        "b33ef9b4202539d3690251cb8213a034.js",
        "b35c9a9d72f02feae440dd385a020ef6.js",
        "b491027881efabe4493ad65daf3368de.js",
        "b49ae09a10a2a2d6dfc7ba9cb37cbbb3.js",
        "b76ff0f203825dcdefb649d98de32f5b.js",
        "b808fb222140a85b23ebbe0fffa906d9.js",
        "b881dca9d9a80f61d87374b4bd5a2dd5.js",
        "b8b6bd460e7da0ba8f3b2218327966ee.js",
        "b8cb123e6c753c6031ab9c6a4acbbcd6.js",
        "b934b22e8f8a8b1ba81dbc2cf058b0cd.js",
        "b943c561d9e064f79f938275bad6e597.js",
        "b992b348ffb6453e4a02a60e71c5304e.js",
        "ba6b8b3e06cd9d0aee9c69278ee84647.js",
        "bb5bab7a675544fe31ddb7f4a77dffb9.js",
        "bba393726b199f66d8b4314385c1f2f0.js",
        "bf37de323316c6ae5745fc11fd576b1c.js",
        "c2fb2aaf17fa23ca4b9bf7f1c1441caa.js",
        "c3174a46927bbec0fbd8946f97bd7170.js",
        "c3f345c994392d97785925e790513a9f.js",
        "c4e58637b4d14c303e29d3ce4b4a210f.js",
        "c4ee489cb1eb39f3d31e99fcc78e886e.js",
        "c51840077c684be0e7e13339f85cd4a9.js",
        "c530988d2b1966fd10a4d99fa3877e1b.js",
        "c64d6e1e72024bb5d3d3e9bfc19d183d.js",
        "c80e89199aef31e48addb2b35ea96365.js",
        "c92169023ff93e3c3e03bc2f4c73615a.js",
        "c97c8951af9153f36715121ab359334c.js",
        "cb652f200fc3dd740b2e7f678a9272ea.js",
        "cbdbd623038183a8c068dd24ecd90682.js",
        "cbdc4ca43a8c940a6c3f59a8b6f17df5.js",
        "cbf021d377207ecc00145a138fd03f0f.js",
        "cd1309ef590ed94ac5735c4c667e6549.js",
        "cd29b6e52c3ebcbaee8c7bb709fd1d8e.js",
        "cd88309c904c403022c51d1fa3ee4bf3.js",
        "cd9a17f94a922c7c88000b1b3cdd67df.js",
        "cf188b3f83735389d47bb12fc9f7069a.js",
        "cf26dd07f19bcb5b7efbf057a6cfeb8f.js",
        "cf3f6b1c74c72cb5d02870022dbc9f94.js",
        "cf9c7cbfc2b609b9ae59daeab82719c4.js",
        "cfe1a9dd61dd943a574fc6c7157372f7.js",
        "d1db2c4677dd2ee7a0c690c58798a013.js",
        "d1f0ad8ca2a550bc292669b06a614f79.js",
        "d3a6de3a3eae748464b9d49001eba546.js",
        "d3c6f63283deafb27231ec767a161534.js",
        "d43ad5f9bad9a042b49b2592c7639c28.js",
        "d492c085b5834c819ba21542b9147966.js",
        "d4f1a314cb3668f8e17f24bccf0229b6.js",
        "d542dda7308361c34af2afb9b70d755a.js",
        "d5999827bd3af6b813a871de344b109a.js",
        "d5a6140d581e5c4eb200259ce372f40b.js",
        "d5f79987405c2169278f8de37bcc9d05.js",
        "d723acafb30584c955c9aeaedb3e03f0.js",
        "d72f9e2d15bf7a51a613e2f116b1a2df.js",
        "d78d3b050ea95b068380d975fd413fd7.js",
        "d7d616d4aa8fd3f51d681242853dcde9.js",
        "d83cda12aee0c87c8b381a1234bf7798.js",
        "d8f7ecdd496f3caf14f5afbedfff1937.js",
        "da3a9dc1f8b62f2221f1040e8d207d0e.js",
        "daad7cddd8afb1713b51cf5882d2da34.js",
        "db8ca5cfb6fe4aaef215f116f6991784.js",
        "dc8240db39815020378555a4d80571c3.js",
        "ddbc961769cd2ff4d4a7a136168ebf4c.js",
        "de0fd4fd7c2d7a4887cbc99eed91f797.js",
        "df350f726187b69bcededaaed6cf5f31.js",
        "e0564e4f4ec3f3165b6890be52cf9a5e.js",
        "e06608fe5b8e7e9d30879d4d91113a08.js",
        "e0adad8a8579bf99f3e22f7c214a5c64.js",
        "e0c565aadda4787ba4ef4456c0a7ee29.js",
        "e0d8e58814f40cb5f60e1fe5fb37e9fa.js",
        "e0fa6a4fe8bff90d50ce812e666957ca.js",
        "e13fc7d468ab9b5797f2a44412ca2f00.js",
        "e2b38a8393be2cf23f3894ace3efb1c3.js",
        "e2fe8f0d4fd950b20b30fabaea96b3f8.js",
        "e430b621361ebe3a4071e3cca1d0dbe8.js",
        "e45a0dfd102b67ad7cdefe10500bf0d7.js",
        "e4917fa7632b01d28e99304d32d989f7.js",
        "e4bea9a2a2680d970c13cc4ed89bc1a0.js",
        "e542ddbb78bb244c0465f22e0e11ab61.js",
        "e61779df91186b23e7adf2d1968b2708.js",
        "e6ad50b520736b595970c9e07029c3f1.js",
        "e6e768df4733fa1a1c8a9b06a24ff2fd.js",
        "e7e1a807af3160b342e0a3550cf8f7c5.js",
        "e874d975c9128dc6eb9a513d088bed9f.js",
        "e9c8f7e13e00284ce126890bf7ac46fd.js",
        "eaa55a522fb2cb2f0287711f42344984.js",
        "ebaed1b3f483c7391037315a62571718.js",
        "ecdb4966f685f3e44b1f28fae46827a3.js",
        "ef87482c92662e8b69a21f47588474ea.js",
        "efbb5510bc35424b261de45355e3a626.js",
        "efc14cdf19554635e477781704353ec2.js",
        "eff4371180dfac54de25ed3a0105d82f.js",
        "f2abbd0caa62a607a87be62111595f0c.js",
        "f326f2f263b1498fedbe1d07d7254d10.js",
        "f3a21a0f236d2b7d45be954c32efaa14.js",
        "f59696ab0f6f26c339d7e6bb1d73a5c3.js",
        "f5d50af31e924b65e3bd3764e8d1df3a.js",
        "f5dfa3d3658fddbce84d7c3ecd5504f0.js",
        "f6a1ff9a83e32555a4e3c7b99727e02d.js",
        "f6d7091e70dee6c74956acfef2464d08.js",
        "f8ee12a5cfa6ff1d3550ef30a238d89a.js",
        "f93c341314b490174cf67fed1ca62ee0.js",
        "fa0c561bb37040fc8145e5c70ea64912.js",
        "faa809ba713143a2e8b4760a45e1fe89.js",
        "fb08407a1b7ad7f9a2da2a7845f596c5.js",
        "fc84e4779f22e5f1c9a70f56f47e0ed6.js",
        "fd5bc50b18c9f46380cbe5ec1ac2127b.js",
        "fd9645aaf1f70c8abc562be41bee25fc.js",
        "fec23c6964d6cf25681d1f3e24b076a4.js",
        "ff9176b28afa428194276840d85679ef.js",
        "ffb6d262efb0718a20d60b5fecb76ea6.js",
        "ffd3b83e8b5878f4785591ff54b1dfff.js"
      ],
      "hash": "f6be2927c6090707",
      "childrenByOrder": {}
    },
    {
      "rendered": true,
      "initial": false,
      "entry": false,
      "recorded": false,
      "size": 9345,
      "sizes": {
        "javascript": 9345
      },
      "names": [],
      "idHints": [],
      "runtime": [
        "@openmrs/esm-form-builder-app",
        "main"
      ],
      "files": [
        "788.js"
      ],
      "auxiliaryFiles": [],
      "hash": "844b917810e0e155",
      "childrenByOrder": {}
    },
    {
      "rendered": true,
      "initial": false,
      "entry": false,
      "recorded": false,
      "reason": "split chunk (cache group: defaultVendors)",
      "size": 1215707,
      "sizes": {
        "javascript": 1215707
      },
      "names": [],
      "idHints": [
        "vendors"
      ],
      "runtime": [
        "@openmrs/esm-form-builder-app",
        "main"
      ],
      "files": [
        "800.js"
      ],
      "auxiliaryFiles": [
        "800.js.map"
      ],
      "hash": "ab444e38538238e2",
      "childrenByOrder": {}
    },
    {
      "rendered": true,
      "initial": false,
      "entry": false,
      "recorded": false,
      "size": 9345,
      "sizes": {
        "javascript": 9345
      },
      "names": [],
      "idHints": [],
      "runtime": [
        "@openmrs/esm-form-builder-app",
        "main"
      ],
      "files": [
        "807.js"
      ],
      "auxiliaryFiles": [],
      "hash": "127b571eff8030fc",
      "childrenByOrder": {}
    },
    {
      "rendered": true,
      "initial": false,
      "entry": false,
      "recorded": false,
      "size": 9345,
      "sizes": {
        "javascript": 9345
      },
      "names": [],
      "idHints": [],
      "runtime": [
        "@openmrs/esm-form-builder-app",
        "main"
      ],
      "files": [
        "833.js"
      ],
      "auxiliaryFiles": [],
      "hash": "f536e5ca87096aeb",
      "childrenByOrder": {}
    },
    {
      "rendered": true,
      "initial": true,
      "entry": true,
      "recorded": false,
      "size": 20011,
      "sizes": {
        "javascript": 42,
        "share-init": 210,
        "runtime": 19759
      },
      "names": [
        "@openmrs/esm-form-builder-app"
      ],
      "idHints": [],
      "runtime": [
        "@openmrs/esm-form-builder-app"
      ],
      "files": [
        "openmrs-esm-form-builder-app.js"
      ],
      "auxiliaryFiles": [
        "openmrs-esm-form-builder-app.js.map"
      ],
      "hash": "b25f4992186831c6",
      "childrenByOrder": {}
    },
    {
      "rendered": true,
      "initial": false,
      "entry": false,
      "recorded": false,
      "reason": "reused as split chunk (cache group: defaultVendors)",
      "size": 137533,
      "sizes": {
        "javascript": 137533
      },
      "names": [],
      "idHints": [
        "vendors"
      ],
      "runtime": [
        "@openmrs/esm-form-builder-app",
        "main"
      ],
      "files": [
        "935.js"
      ],
      "auxiliaryFiles": [
        "935.js.map"
      ],
      "hash": "3b812b4fc8bacf97",
      "childrenByOrder": {}
    }
  ]
}