{"imports":{"@openmrs/esm-home-app":"./openmrs-esm-home-app-5.2.3-pre.360/openmrs-esm-home-app.js","@openmrs/esm-patient-conditions-app":"./openmrs-esm-patient-conditions-app-7.0.2-pre.4030/openmrs-esm-patient-conditions-app.js","@openmrs/esm-patient-chart-app":"./openmrs-esm-patient-chart-app-7.0.2-pre.4030/openmrs-esm-patient-chart-app.js","@openmrs/esm-patient-vitals-app":"./openmrs-esm-patient-vitals-app-7.0.2-pre.4030/openmrs-esm-patient-vitals-app.js","@openmrs/esm-patient-allergies-app":"./openmrs-esm-patient-allergies-app-7.0.2-pre.4030/openmrs-esm-patient-allergies-app.js","@openmrs/esm-form-builder-app":"./openmrs-esm-form-builder-app-2.3.1-pre.695/openmrs-esm-form-builder-app.js","@openmrs/esm-patient-banner-app":"./openmrs-esm-patient-banner-app-7.0.2-pre.4030/openmrs-esm-patient-banner-app.js","@openmrs/esm-active-visits-app":"./openmrs-esm-active-visits-app-6.0.1-pre.2833/openmrs-esm-active-visits-app.js","@openmrs/esm-primary-navigation-app":"./openmrs-esm-primary-navigation-app-5.4.1-pre.1616/openmrs-esm-primary-navigation-app.js","@openmrs/esm-implementer-tools-app":"./openmrs-esm-implementer-tools-app-5.4.1-pre.1616/openmrs-esm-implementer-tools-app.js","@openmrs/esm-appointments-app":"./openmrs-esm-appointments-app-6.0.1-pre.2833/openmrs-esm-appointments-app.js","@openmrs/esm-patient-medications-app":"./openmrs-esm-patient-medications-app-7.0.2-pre.4030/openmrs-esm-patient-medications-app.js","@openmrs/esm-patient-forms-app":"./openmrs-esm-patient-forms-app-7.0.2-pre.4030/openmrs-esm-patient-forms-app.js","@openmrs/esm-patient-programs-app":"./openmrs-esm-patient-programs-app-7.0.2-pre.4030/openmrs-esm-patient-programs-app.js","@openmrs/esm-devtools-app":"./openmrs-esm-devtools-app-5.4.1-pre.1616/openmrs-esm-devtools-app.js","@openmrs/esm-login-app":"./openmrs-esm-login-app-5.4.0/openmrs-esm-login-app.js","@openmrs/esm-patient-attachments-app":"./openmrs-esm-patient-attachments-app-7.0.2-pre.4030/openmrs-esm-patient-attachments-app.js","@openmrs/esm-dispensing-app":"./openmrs-esm-dispensing-app-1.3.1-pre.272/openmrs-esm-dispensing-app.js","@openmrs/esm-patient-search-app":"./openmrs-esm-patient-search-app-6.0.1-pre.2833/openmrs-esm-patient-search-app.js","@openmrs/esm-patient-flags-app":"./openmrs-esm-patient-flags-app-7.0.2-pre.4030/openmrs-esm-patient-flags-app.js","@openmrs/esm-service-queues-app":"./openmrs-esm-service-queues-app-6.0.1-pre.2833/openmrs-esm-service-queues-app.js","@openmrs/esm-patient-notes-app":"./openmrs-esm-patient-notes-app-7.0.2-pre.4030/openmrs-esm-patient-notes-app.js","@ampath/esm-patient-registration-app":"./ampath-esm-patient-registration-app-6.0.1-pre.33/ampath-esm-patient-registration-app.js","@openmrs/esm-patient-appointments-app":"./openmrs-esm-patient-appointments-app-7.0.2-pre.4030/openmrs-esm-patient-appointments-app.js","@openmrs/esm-patient-lists-app":"./openmrs-esm-patient-lists-app-7.0.2-pre.4030/openmrs-esm-patient-lists-app.js","@openmrs/esm-system-admin-app":"./openmrs-esm-system-admin-app-4.0.2-pre.128/openmrs-esm-system-admin-app.js","@openmrs/esm-patient-orders-app":"./openmrs-esm-patient-orders-app-7.0.2-pre.4030/openmrs-esm-patient-orders-app.js","@openmrs/esm-patient-labs-app":"./openmrs-esm-patient-labs-app-7.0.2-pre.4030/openmrs-esm-patient-labs-app.js","@ohri/openmrs-esm-ohri-hiv-app":"./ohri-openmrs-esm-ohri-hiv-app-2.2.1-pre.161/openmrs-esm-ohri-hiv-app.js","@openmrs/esm-stock-management-app":"./openmrs-esm-stock-management-app-1.0.1-pre.348/openmrs-esm-stock-management-app.js","@ohri/openmrs-esm-ohri-cervical-cancer-app":"./ohri-openmrs-esm-ohri-cervical-cancer-app-2.2.1-pre.161/openmrs-esm-ohri-cervical-cancer-app.js","@ohri/openmrs-esm-ohri-covid-app":"./ohri-openmrs-esm-ohri-covid-app-2.2.1-pre.161/openmrs-esm-ohri-covid-app.js","@ohri/openmrs-esm-ohri-tb-app":"./ohri-openmrs-esm-ohri-tb-app-2.2.1-pre.161/openmrs-esm-ohri-tb-app.js","@openmrs/esm-laboratory-app":"./openmrs-esm-laboratory-app-1.0.1-pre.249/openmrs-esm-laboratory-app.js","@ampath/esm-lab-order-manifest-app":"./ampath-esm-lab-order-manifest-app-6.0.1-pre.33/ampath-esm-lab-order-manifest-app.js","@ohri/openmrs-esm-ohri-form-render-app":"./ohri-openmrs-esm-ohri-form-render-app-2.2.1-pre.161/openmrs-esm-ohri-form-render-app.js","@ohri/openmrs-esm-ohri-pmtct":"./ohri-openmrs-esm-ohri-pmtct-2.2.1-pre.161/ohri-pmtct-app.js","@ampath/esm-preappointment-app":"./ampath-esm-preappointment-app-6.0.1-pre.33/ampath-esm-preappointment-app.js","@ampath/esm-projectbeyond-app":"./ampath-esm-projectbeyond-app-3.0.3/ampath-esm-projectbeyond-app.js","@ampath/esm-ampath-core-app":"./ampath-esm-ampath-core-app-6.0.1-pre.33/ampath-esm-core-app.js","@ampath/esm-otz-app":"./ampath-esm-otz-app-6.0.1-pre.33/ampath-esm-otz-app.js"}}