{"@openmrs/esm-home-app":{"$schema":"https://json.openmrs.org/routes.schema.json","backendDependencies":{"webservices.rest":"^2.24.0"},"pages":[{"component":"root","route":"home","online":true,"offline":true}],"extensions":[{"name":"home-nav-menu","slot":"home-sidebar-slot","component":"homeNavMenu","online":true,"offline":true},{"name":"home-widget-db-link","slot":"homepage-dashboard-slot","component":"homeWidgetDbLink","meta":{"name":"Home","slot":"home-dashboard-slot","title":""},"order":0,"online":true,"offline":true},{"name":"home-widget-dashboard","slot":"home-dashboard-slot","component":"homeWidgetDashboard","online":true,"offline":true}],"version":"5.2.3-pre.360"},"@openmrs/esm-patient-conditions-app":{"$schema":"https://json.openmrs.org/routes.schema.json","backendDependencies":{"fhir2":">=1.2","webservices.rest":"^2.2.0"},"extensions":[{"name":"conditions-overview-widget","slot":"patient-chart-summary-dashboard-slot","component":"conditionsOverview","order":3,"meta":{"columnSpan":4}},{"name":"conditions-details-widget","slot":"patient-chart-conditions-dashboard-slot","component":"conditionsDetailedSummary","meta":{"columnSpan":4}},{"name":"conditions-summary-dashboard","component":"conditionsDashboardLink","slot":"patient-chart-dashboard-slot","order":7,"meta":{"slot":"patient-chart-conditions-dashboard-slot","columns":1,"path":"Conditions"}},{"name":"conditions-widget","component":"conditionsWidget"},{"name":"condition-delete-confirmation-dialog","component":"conditionDeleteConfirmationDialog"}],"version":"7.0.2-pre.4030"},"@openmrs/esm-patient-chart-app":{"$schema":"https://json.openmrs.org/routes.schema.json","extensions":[{"name":"charts-summary-dashboard","component":"patientSummaryDashboardLink","slot":"patient-chart-dashboard-slot","order":0,"meta":{"slot":"patient-chart-summary-dashboard-slot","columns":4,"path":"Patient Summary"},"online":true,"offline":true},{"name":"start-visit-button","component":"startVisitActionButton","slot":"patient-actions-slot","online":true,"offline":true},{"name":"stop-visit-button","component":"stopVisitActionButton","slot":"patient-actions-slot","online":true,"offline":true},{"name":"mark-alive-button","slot":"patient-actions-slot","component":"markPatientAliveActionButton","online":true,"offline":true},{"name":"stop-visit-button-patient-search","slot":"patient-search-actions-slot","component":"stopVisitPatientSearchActionButton","online":true,"offline":true},{"name":"cancel-visit-button","slot":"patient-actions-slot","component":"cancelVisitActionButton","online":true,"offline":true},{"name":"cancel-visit-button","slot":"patient-search-actions-slot","component":"cancelVisitPatientSearchActionButton","online":true,"offline":true},{"name":"mark-patient-deceased-button","slot":"patient-actions-slot","component":"markPatientDeceasedActionButton","online":true,"offline":true},{"name":"add-past-visit-button","slot":"patient-actions-slot","component":"addPastVisitActionButton","featureFlag":"rde","online":true,"offline":true},{"name":"add-past-visit-button","slot":"patient-search-actions-slot","component":"addPastVisitPatientSearchActionButton","featureFlag":"rde","online":true,"offline":true},{"name":"encounters-summary-dashboard","slot":"patient-chart-dashboard-slot","component":"encountersSummaryDashboardLink","meta":{"slot":"patient-chart-encounters-dashboard-slot","columns":1,"path":"Visits"},"order":5,"online":true,"offline":true},{"name":"past-visits-detail-overview","slot":"patient-chart-encounters-dashboard-slot","component":"pastVisitsDetailOverview","order":1,"meta":{"title":"Visits","view":"visits"},"online":true,"offline":true},{"name":"past-visits-overview","component":"pastVisitsOverview","meta":{"title":"Edit or load a past visit","view":"visits"}},{"name":"start-visit-workspace-form","component":"startVisitForm","meta":{"title":"Start a visit"},"online":true,"offline":true},{"name":"mark-patient-deceased-workspace-form","component":"markPatientDeceasedForm","meta":{"title":"Mark Deceased"}},{"name":"patient-details-tile","slot":"visit-form-header-slot","component":"patientDetailsTile","order":1,"online":true,"offline":true},{"name":"nav-group","component":"genericNavGroup","online":true,"offline":true},{"name":"dashboard","component":"genericDashboard","online":true,"offline":true},{"name":"cancel-visit-dialog","component":"cancelVisitDialog","online":true,"offline":true},{"name":"start-visit-dialog","component":"startVisitDialog","online":true,"offline":true},{"name":"delete-visit-dialog","component":"deleteVisitDialog","online":true,"offline":true},{"name":"modify-visit-date-dialog","component":"modifyVisitDateDialog","online":true,"offline":true},{"name":"end-visit-dialog","component":"endVisitDialog","online":true,"offline":true},{"name":"confirm-deceased-dialog","component":"confirmDeceasedDialog","online":true,"offline":true},{"name":"confirm-alive-modal","component":"confirmAliveDialog","online":true,"offline":true},{"name":"start-visit-button-patient-search","slot":"start-visit-button-slot","component":"startVisitPatientSearchActionButton","online":true,"offline":true},{"name":"visit-attribute-tags","slot":"patient-banner-tags-slot","component":"visitAttributeTags","online":true,"offline":true},{"name":"delete-encounter-modal","component":"deleteEncounterModal","online":true,"offline":true},{"name":"current-visit-summary","component":"currentVisitSummary","meta":{"columnSpan":4},"online":true,"offline":true},{"name":"edit-visit-action-button","slot":"visit-detail-overview-actions","component":"editVisitDetailsActionButton","online":true,"offline":true,"order":0},{"name":"delete-visit-action-button","slot":"visit-detail-overview-actions","component":"deleteVisitActionButton","online":true,"offline":true,"order":1},{"name":"active-visit-action-button","slot":"active-visit-actions","component":"activeVisitActionsComponent","online":true,"offline":true,"order":1}],"pages":[{"component":"root","routeRegex":"^patient/.+/chart","online":true,"offline":true}],"version":"7.0.2-pre.4030"},"@openmrs/esm-patient-vitals-app":{"$schema":"https://json.openmrs.org/routes.schema.json","backendDependencies":{"fhir2":">=1.2","webservices.rest":"^2.2.0"},"extensions":[{"name":"vitals-overview-widget","component":"vitalsSummary","slot":"patient-chart-summary-dashboard-slot","meta":{"columnSpan":4},"order":1},{"name":"vitals-details-widget","component":"vitalsMain","slot":"patient-chart-vitals-biometrics-dashboard-slot","meta":{"title":"Vitals","view":"vitals"},"order":1},{"name":"patient-vitals-info","component":"vitalsHeader","slot":"patient-info-slot"},{"name":"biometrics-overview-widget","component":"biometricsOverview","slot":"patient-chart-summary-dashboard-slot","meta":{"columnSpan":4},"order":2},{"name":"biometrics-details-widget","component":"biometricsDetailedSummary","slot":"patient-chart-vitals-biometrics-dashboard-slot","meta":{"view":"biometrics","title":"Biometrics"}},{"name":"results-summary-dashboard","component":"vitalsAndBiometricsDashboardLink","slot":"patient-chart-dashboard-slot","order":2,"meta":{"slot":"patient-chart-vitals-biometrics-dashboard-slot","columns":1,"path":"Vitals & Biometrics"}},{"name":"weight-tile","component":"weightTile","slot":"visit-form-header-slot","order":2}],"pages":[],"version":"7.0.2-pre.4030"},"@openmrs/esm-patient-allergies-app":{"$schema":"https://json.openmrs.org/routes.schema.json","backendDependencies":{"fhir2":">=1.2","webservices.rest":"^2.2.0"},"extensions":[{"name":"allergy-tile","component":"allergyTile","slot":"patient-details-header-slot","online":true,"offline":true,"order":3},{"name":"allergies-details-widget","component":"allergiesDetailedSummary","slot":"patient-chart-allergies-dashboard-slot","online":true,"offline":true,"meta":{"columnSpan":4}},{"name":"allergies-summary-dashboard","component":"allergiesDashboardLink","slot":"patient-chart-dashboard-slot","online":true,"offline":true,"order":6,"meta":{"columns":1,"slot":"patient-chart-allergies-dashboard-slot","path":"Allergies"}}],"version":"7.0.2-pre.4030"},"@openmrs/esm-form-builder-app":{"$schema":"https://json.openmrs.org/routes.schema.json","backendDependencies":{"fhir2":">=1.2","webservices.rest":"^2.2.0"},"pages":[{"component":"root","route":"form-builder","online":true,"offline":true,"order":1}],"extensions":[{"name":"system-administration-form-builder-card-link","slot":"system-admin-page-card-link-slot","component":"systemAdministrationFormBuilderCardLink","online":true,"offline":true}],"version":"2.3.1-pre.695"},"@openmrs/esm-patient-banner-app":{"$schema":"https://json.openmrs.org/routes.schema.json","backendDependencies":{"webservices.rest":"^2.2.0"},"extensions":[{"name":"visit-tag","slot":"patient-banner-tags-slot","component":"visitTag","online":true,"offline":true},{"name":"deceased-patient-tag","slot":"patient-banner-tags-slot","component":"deceasedPatientTag","online":true,"offline":true},{"name":"patient-banner","slot":"patient-header-slot","component":"patientBanner","online":true,"offline":true}],"version":"7.0.2-pre.4030"},"@openmrs/esm-active-visits-app":{"$schema":"https://json.openmrs.org/routes.schema.json","backendDependencies":{"webservices.rest":"^2.2.0"},"extensions":[{"name":"active-visits-widget","slot":"homepage-widgets-slot","component":"activeVisits","order":0},{"name":"visit-summary-widget","slot":"visit-summary-slot","component":"visitDetail"}],"pages":[],"version":"6.0.1-pre.2833"},"@openmrs/esm-primary-navigation-app":{"$schema":"https://json.openmrs.org/routes.schema.json","backendDependencies":{"webservices.rest":">=2.2.0"},"pages":[{"component":"root","routeRegex":"^(?!login/?)","online":true,"offline":true,"order":0},{"component":"redirect","routeRegex":"^$","online":true,"offline":true,"order":0}],"extensions":[{"name":"default-user-panel","slot":"user-panel-slot","component":"userPanel","online":true,"offline":true,"order":0},{"name":"change-language","slot":"user-panel-slot","component":"changeLanguageLink","online":true,"offline":true,"order":1},{"name":"change-language-modal","component":"changeLanguageModal","online":true,"offline":true},{"name":"offline-banner","slot":"user-panel-slot","component":"offlineBanner","online":false,"offline":true,"order":1},{"name":"link","component":"linkComponent","online":true,"offline":true}],"version":"5.4.1-pre.1616"},"@openmrs/esm-implementer-tools-app":{"$schema":"https://json.openmrs.org/routes.schema.json","pages":[{"component":"implementerTools","route":true},{"component":"globalImplementerTools","route":true}],"extensions":[{"name":"implementer-tools-button","slot":"top-nav-actions-slot","component":"implementerToolsButton"}],"version":"5.4.1-pre.1616"},"@openmrs/esm-appointments-app":{"$schema":"https://json.openmrs.org/routes.schema.json","backendDependencies":{"webservices.rest":"^2.2.0"},"extensions":[{"name":"home-appointments","slot":"homepage-widgets-slot","component":"homeAppointments","order":1},{"name":"clinical-appointments-dashboard-link","slot":"homepage-dashboard-slot","component":"appointmentsDashboardLink","meta":{"name":"appointments","slot":"clinical-appointments-dashboard-slot","title":"Appointments"}},{"component":"root","name":"clinical-appointments-dashboard","slot":"clinical-appointments-dashboard-slot"},{"name":"appointments-calendar-dashboard-link","slot":"calendar-dashboard-slot","component":"appointmentsCalendarDashboardLink"},{"name":"check-in-appointment-modal","slot":"todays-appointment-slot","component":"checkInModal"},{"name":"todays-appointments-dashboard","slot":"todays-appointment-slot","component":"homeAppointments"},{"name":"expected-appointments-panel","slot":"scheduled-appointments-panels-slot","component":"appointmentsByStatus"},{"name":"checked-in-appointments-panel","slot":"scheduled-appointments-panels-slot","component":"appointmentsByStatus"},{"name":"completed-appointments-panel","slot":"scheduled-appointments-panels-slot","component":"appointmentsByStatus"},{"name":"missed-appointments-panel","slot":"scheduled-appointments-panels-slot","component":"appointmentsByStatus"},{"name":"cancelled-appointments-panel","slot":"scheduled-appointments-panels-slot","component":"appointmentsByStatus"},{"name":"early-appointments-panel","component":"earlyAppointments"},{"name":"appointments-form-workspace","component":"appointmentsFormWorkspace","meta":{"title":{"key":"createNewAppointment","default":"Create new appointment"}}}],"version":"6.0.1-pre.2833"},"@openmrs/esm-patient-medications-app":{"$schema":"https://json.openmrs.org/routes.schema.json","backendDependencies":{"webservices.rest":"^2.2.0"},"extensions":[{"name":"medications-details-widget","component":"medicationsSummary","slot":"patient-chart-medications-dashboard-slot","meta":{"columnSpan":1}},{"name":"active-medications-widget","component":"activeMedications","slot":"patient-chart-summary-dashboard-slot","meta":{"columnSpan":4},"order":4},{"name":"medications-summary-dashboard","component":"medicationsDashboardLink","slot":"patient-chart-dashboard-slot","order":3,"meta":{"slot":"patient-chart-medications-dashboard-slot","columns":1,"path":"Medications"}},{"name":"drug-order-panel","component":"drugOrderPanel","slot":"order-basket-slot","order":1}],"version":"7.0.2-pre.4030"},"@openmrs/esm-patient-forms-app":{"$schema":"https://json.openmrs.org/routes.schema.json","backendDependencies":{"webservices.rest":"^2.2.0"},"extensions":[{"name":"offline-tools-dashboard-forms-card","component":"offlineFormOverviewCard","slot":"offline-tools-dashboard-cards","offline":true,"online":true,"order":1},{"name":"offline-tools-page-forms-link","component":"offlineFormsNavLink","slot":"offline-tools-page-slot","offline":true,"online":true,"meta":{"name":"forms","slot":"offline-tools-page-forms-slot"}},{"name":"offline-tools-page-forms","component":"offlineForms","slot":"offline-tools-page-forms-slot","offline":true,"online":true},{"name":"clinical-form-action-menu","component":"clinicalFormActionMenu","slot":"action-menu-chart-items-slot","offline":true,"online":true,"order":2}],"version":"7.0.2-pre.4030"},"@openmrs/esm-patient-programs-app":{"$schema":"https://json.openmrs.org/routes.schema.json","backendDependencies":{"webservices.rest":"^2.2.0"},"extensions":[{"name":"programs-overview-widget","component":"programsOverview","meta":{"columnSpan":4},"order":6},{"name":"programs-details-widget","slot":"patient-chart-programs-dashboard-slot","component":"programsDetailedSummary","meta":{"columnSpan":1},"order":6},{"name":"programs-summary-dashboard","slot":"patient-chart-dashboard-slot","component":"programsDashboardLink","meta":{"slot":"patient-chart-programs-dashboard-slot","columns":1,"path":"Programs"},"order":10}],"pages":[],"version":"7.0.2-pre.4030"},"@openmrs/esm-devtools-app":{"$schema":"https://json.openmrs.org/routes.schema.json","pages":[{"component":"devtools","route":true,"online":true,"offline":true}],"extensions":[{"name":"importmap-override-modal","component":"importmapOverrideModal"}],"version":"5.4.1-pre.1616"},"@openmrs/esm-login-app":{"$schema":"https://json.openmrs.org/routes.schema.json","backendDependencies":{"webservices.rest":">=2.24.0"},"pages":[{"component":"root","route":"login","online":true,"offline":true},{"component":"root","route":"logout","online":true,"offline":true}],"extensions":[{"name":"location-picker","slot":"location-picker","component":"locationPicker","online":true,"offline":true},{"name":"logout-button","slot":"user-panel-bottom-slot","component":"logoutButton","online":true,"offline":true},{"name":"location-changer","slot":"user-panel-slot","component":"changeLocationLink","online":true,"offline":true,"order":1}],"version":"5.4.0"},"@openmrs/esm-patient-attachments-app":{"$schema":"https://json.openmrs.org/routes.schema.json","backendDependencies":{"webservices.rest":"^2.2.0"},"extensions":[{"name":"attachments-overview-widget","component":"attachmentsOverview","slot":"patient-chart-attachments-dashboard-slot"},{"name":"attachments-results-summary-dashboard","component":"attachmentsSummaryResultsDashboard","slot":"patient-chart-dashboard-slot","meta":{"slot":"patient-chart-attachments-dashboard-slot","path":"Attachments","columns":1},"order":9},{"name":"capture-photo-widget","component":"capturePhotoWidget","slot":"capture-patient-photo-slot"},{"name":"capture-photo-modal","component":"capturePhotoModal"},{"name":"delete-attachment-modal","component":"deleteAttachmentModal"}],"pages":[],"version":"7.0.2-pre.4030"},"@openmrs/esm-dispensing-app":{"backendDependencies":{"fhir2":">=1.2","webservices.rest":"^2.2.0"},"pages":[{"component":"dispensing","route":"dispensing","online":true,"offline":true}],"extensions":[{"name":"dispensing-link","slot":"app-menu-slot","component":"dispensingLink","online":true,"offline":true},{"name":"dispensing-dashboard","slot":"dispensing-dashboard-slot","component":"dispensingDashboard","online":true,"offline":true},{"name":"dispensing-dashboard-link","component":"dispensingDashboardLink","meta":{"name":"dispensing","slot":"dispensing-dashboard-slot","title":"Dispensing"}}],"version":"1.3.1-pre.272"},"@openmrs/esm-patient-search-app":{"$schema":"https://json.openmrs.org/routes.schema.json","backendDependencies":{"webservices.rest":"^2.2.0"},"pages":[{"component":"root","route":"search"}],"extensions":[{"name":"patient-search-icon","component":"patientSearchIcon","slot":"top-nav-actions-slot","order":0},{"name":"patient-search-button","component":"patientSearchButton","slot":"patient-search-button-slot","offline":true},{"name":"patient-search-bar","component":"patientSearchBar","slot":"patient-search-bar-slot","offline":true}],"version":"6.0.1-pre.2833"},"@openmrs/esm-patient-flags-app":{"$schema":"https://json.openmrs.org/routes.schema.json","backendDependencies":{"webservices.rest":"^2.2.0"},"extensions":[{"name":"edit-flags-side-panel-form","component":"editPatientFlagsWorkspace","meta":{"title":{"key":"editPatientFlags","default":"Edit patient flags"}},"featureFlag":"patientFlags"},{"name":"patient-flag-tags","slot":"patient-highlights-bar-slot","component":"flagTags","order":0,"featureFlag":"patientFlags"},{"name":"patient-flags-overview","slot":"patient-chart-summary-dashboard-slot","component":"flagsOverview","meta":{"columnSpan":4},"order":0,"featureFlag":"patientFlags"}],"pages":[],"version":"7.0.2-pre.4030"},"@openmrs/esm-service-queues-app":{"$schema":"https://json.openmrs.org/routes.schema.json","backendDependencies":{"webservices.rest":"^2.2.0"},"extensions":[{"name":"outpatient-side-nav-ext","component":"outpatientSideNav","slot":"outpatient-sidebar-slot","online":true,"offline":true},{"name":"service-queues-dashboard-link","component":"serviceQueuesDashboardLink","slot":"homepage-dashboard-slot","meta":{"name":"service-queues","slot":"service-queues-dashboard-slot","title":"Service queues"},"online":true,"offline":true},{"component":"root","name":"service-queues-dashboard","slot":"service-queues-dashboard-slot"},{"name":"edit-queue-entry-status-modal","component":"editQueueEntryStatusModal"},{"name":"patient-info-banner-slot","component":"patientInfoBannerSlot"},{"name":"add-patient-to-queue","component":"addPatientToQueue","slot":"add-patient-to-queue-slot"},{"name":"remove-queue-entry","component":"removeQueueEntry"},{"name":"clear-all-queue-entries","component":"clearAllQueueEntries"},{"name":"add-visit-to-queue-modal","component":"addVisitToQueueModal"},{"name":"transition-queue-entry-status-modal","component":"transitionQueueEntryStatusModal"},{"name":"previous-visit-summary-widget","component":"pastVisitSummary","slot":"previous-visit-summary-slot"},{"name":"add-provider-to-room-modal","component":"addProviderToRoomModal"},{"name":"add-queue-entry-widget","component":"addQueueEntry","slot":"add-queue-entry-slot"},{"name":"transition-queue-entry-modal","component":"transitionQueueEntryModal"}],"version":"6.0.1-pre.2833"},"@openmrs/esm-patient-notes-app":{"$schema":"https://json.openmrs.org/routes.schema.json","backendDependencies":{"fhir2":">=1.2","webservices.rest":"^2.2.0"},"extensions":[{"name":"notes-overview-widget","component":"notesOverview","meta":{"columnSpan":4},"order":5},{"name":"visit-note-nav-button","component":"visitNotesActionButton","slot":"action-menu-chart-items-slot","order":1}],"version":"7.0.2-pre.4030"},"@ampath/esm-patient-registration-app":{"$schema":"https://json.openmrs.org/routes.schema.json","backendDependencies":{"webservices.rest":"^2.24.0"},"pages":[{"component":"root","route":"patient-registration","online":true,"offline":true},{"component":"editPatient","routeRegex":"patient\\/([a-zA-Z0-9\\-]+)\\/edit","online":true,"offline":true}],"extensions":[{"component":"addPatientLink","name":"add-patient-action","slot":"top-nav-actions-slot","online":true,"offline":true},{"component":"cancelPatientEditModal","name":"cancel-patient-edit-modal","online":true,"offline":true},{"component":"patientPhoto","name":"patient-photo-widget","slot":"patient-photo-slot","online":true,"offline":true},{"component":"editPatientDetailsButton","name":"edit-patient-details-button","slot":"patient-actions-slot","online":true,"offline":true},{"component":"editPatientDetailsButton","name":"edit-patient-details-button","slot":"patient-search-actions-slot","online":true,"offline":true},{"component":"deleteIdentifierConfirmationModal","name":"delete-identifier-confirmation-modal","online":true,"offline":true},{"name":"client-registry-modal","component":"clientRegistryModal"}],"version":"6.0.1-pre.33"},"@openmrs/esm-patient-appointments-app":{"$schema":"https://json.openmrs.org/routes.schema.json","backendDependencies":{"webservices.rest":"^2.2.0"},"extensions":[{"name":"appointments-overview-widget","component":"appointmentsOverview","order":8,"meta":{"columnSpan":4}},{"name":"appointments-details-widget","component":"appointmentsDetailedSummary","slot":"patient-chart-appointments-dashboard-slot","meta":{"columnSpan":1}},{"name":"appointments-summary-dashboard","component":"appointmentsSummaryDashboardLink","slot":"patient-chart-dashboard-slot","order":11,"meta":{"columns":1,"columnSpan":1,"slot":"patient-chart-appointments-dashboard-slot","title":"Appointments","path":"Appointments"}},{"name":"appointment-cancel-confirmation-dialog","component":"appointmentsCancelConfirmationDialog"},{"name":"upcoming-appointment-widget","component":"upcomingAppointmentsWidget","slot":"upcoming-appointment-slot"}],"pages":[],"version":"7.0.2-pre.4030"},"@openmrs/esm-patient-lists-app":{"$schema":"https://json.openmrs.org/routes.schema.json","backendDependencies":{"webservices.rest":"^2.2.0"},"extensions":[{"name":"patient-lists-action-menu","component":"patientListsActionMenu","slot":"action-menu-chart-items-slot"}],"version":"7.0.2-pre.4030"},"@openmrs/esm-system-admin-app":{"$schema":"https://json.openmrs.org/routes.schema.json","backendDependencies":{"fhir2":">=1.2","webservices.rest":"^2.2.0"},"extensions":[{"name":"system-administration-app-menu-link","slot":"app-menu-slot","component":"systemAdminAppMenuLink"},{"name":"system-admin-page-link","slot":"system-admin-page-card-link-slot","component":"legacySystemAdminPageCardLink","order":0}],"pages":[{"component":"root","route":"system-administration"}],"version":"4.0.2-pre.128"},"@openmrs/esm-patient-orders-app":{"$schema":"https://json.openmrs.org/routes.schema.json","backendDependencies":{"webservices.rest":"^2.2.0"},"extensions":[{"name":"order-basket-action-menu","component":"orderBasketActionMenu","slot":"action-menu-chart-items-slot","order":0},{"name":"patient-orders-summary-dashboard","component":"ordersDashboardLink","slot":"patient-chart-dashboard-slot","meta":{"slot":"patient-chart-orders-dashboard-slot","columns":1,"path":"Orders","hideDashboardTitle":true},"order":4,"featureFlag":"ordersSummary"},{"name":"patient-orders-dashboard","component":"ordersDashboard","slot":"patient-chart-orders-dashboard-slot","meta":{"columnSpan":4},"featureFlag":"ordersSummary"}],"version":"7.0.2-pre.4030"},"@openmrs/esm-patient-labs-app":{"$schema":"https://json.openmrs.org/routes.schema.json","backendDependencies":{"fhir2":">=1.2","webservices.rest":"^2.2.0"},"extensions":[{"name":"test-results-summary-dashboard","component":"testResultsDashboardLink","slot":"patient-chart-dashboard-slot","meta":{"slot":"patient-chart-test-results-dashboard-slot","columns":1,"path":"Results Viewer","hideDashboardTitle":true},"order":4},{"name":"test-results-filtered-overview","slot":"test-results-filtered-overview-slot","component":"externalOverview","meta":{"columnSpan":4}},{"name":"results-viewer","slots":["patient-chart-results-viewer-slot","patient-chart-test-results-dashboard-slot"],"component":"resultsViewer","meta":{"columnSpan":4}},{"name":"print-modal","component":"printModal"},{"name":"lab-order-panel","component":"labOrderPanel","slot":"order-basket-slot","order":2}],"pages":[],"version":"7.0.2-pre.4030"},"@ohri/openmrs-esm-ohri-hiv-app":{"$schema":"https://json.openmrs.org/routes.schema.json","backendDependencies":{"webservices.rest":"^2.24.0"},"pages":[],"extensions":[{"name":"patient-hiv-status-tag","slot":"patient-banner-tags-slot","component":"patientHivStatusTag"},{"name":"hiv-prevention-dashboard-link","slot":"dashboard-slot","component":"hivPreventionFolderLink","meta":{"slot":"ohri-hiv-prevention-dashboard-slot","isFolder":true,"title":"HIV Prevention"}},{"name":"ohri-hiv-prevention-dashboard-ext","slot":"ohri-hiv-prevention-dashboard-slot","component":"hivPreventionDashboardLink","meta":{"name":"hts","slot":"hts-dashboard-slot","config":{"columns":1,"type":"grid","programme":"hts","dashboardTitle":"HTS Home Page"},"title":"HIV Testing Services"}},{"name":"ohri-hiv-prevention-dashboard","slot":"hts-dashboard-slot","component":"hivPreventionDashboard","meta":{"name":"hts","slot":"hts-dashboard-slot","config":{"columns":1,"type":"grid","programme":"hts","dashboardTitle":"HTS Home Page"},"title":"HIV Testing Services"}},{"name":"hts-home-header-ext","slot":"hts-home-header-slot","component":"htsHomeHeader"},{"name":"hts-home-tiles-ext","slot":"hts-home-tiles-slot","component":"htsHomeTiles"},{"name":"hts-home-tabs-ext","slot":"hts-home-tabs-slot","component":"htsHomeTabs"},{"name":"hiv-care-and-treatment-dashboard-link","slot":"dashboard-slot","component":"hivCareAndTreatmentFolderLink","meta":{"slot":"ohri-hiv-care-and-treatment-dashboard-slot","isFolder":true,"title":"HIV Care and Treatment"}},{"name":"care-and-treatment-dashboard-ext","slot":"ohri-hiv-care-and-treatment-dashboard-slot","component":"hivCareAndTreatmentDashboardLink","meta":{"name":"care-and-treatment","slot":"ct-dashboard-slot","config":{"columns":1,"type":"grid","programme":"ct","dashboardTitle":"C&T Home Page"},"title":"Care and Treatment","path":"Care and Treatment"}},{"name":"ohri-care-and-treatment-dashboard","slot":"ct-dashboard-slot","component":"hivCareAndTreatmentDashboard","meta":{"name":"care-and-treatment","slot":"ct-dashboard-slot","config":{"columns":1,"type":"grid","programme":"ct","dashboardTitle":"C&T Home Page"},"title":"Care and Treatment"}},{"name":"ct-home-header-ext","slot":"ct-home-header-slot","component":"ctHomeHeader"},{"name":"ct-home-tiles-ext","slot":"ct-home-tiles-slot","component":"ctHomeTiles"},{"name":"ct-home-tabs-ext","slot":"ct-home-tabs-slot","component":"ctHomeTabs"},{"name":"lab-results-home-header-ext","slot":"lab-results-home-header-slot","component":"labResultsHomeHeader"},{"name":"lab-results-home-tiles-ext","slot":"lab-results-home-tiles-slot","component":"labResultsHomeTiles"},{"name":"lab-results-tabs-ext","slot":"lab-results-home-tabs-slot","component":"labResultsHomeTabs"},{"name":"ohri-hiv-care-and-treatment","slot":"patient-chart-dashboard-slot","component":"patientChartHIVCareAndTreatmentDashboard","order":21},{"name":"hts-service-summary-dashboard","slot":"ohri-hiv-care-and-treatment-slot","component":"hivPatientSummaryDashboardLink","meta":{"slot":"hiv-patient-summary-dashboard-slot","columns":1,"path":"hiv-patient-summary","layoutMode":"anchored"}},{"name":"hts-service-summary-list-ext","slot":"hiv-patient-summary-dashboard-slot","component":"htsServiceSummaryList"},{"name":"program-management-summary","slot":"ohri-hiv-care-and-treatment-slot","component":"programManagementDashboardLink","meta":{"slot":"program-management-summary-slot","columns":1,"path":"program-management","layoutMode":"anchored"}},{"name":"program-management-summary-ext","slot":"program-management-summary-slot","component":"programManagementDashboard"},{"name":"visits-summary","slot":"ohri-hiv-care-and-treatment-slot","component":"clinicalVisitsDashboardLink","meta":{"slot":"clinical-visits-summary-slot","columns":1,"path":"clinical-visits","layoutMode":"anchored"}},{"name":"visits-summary-ext","slot":"clinical-visits-summary-slot","component":"clinicalVisitsDashboard"},{"name":"general-counselling-summary","slot":"ohri-hiv-care-and-treatment-slot","component":"generalCounsellingDashboardLink","meta":{"slot":"general-counselling-summary-slot","columns":1,"path":"general-counselling","layoutMode":"anchored"}},{"name":"general-counselling-summary-ext","slot":"general-counselling-summary-slot","component":"generalCounsellingDashboard"},{"name":"adherence-counselling-summary","slot":"ohri-hiv-care-and-treatment-slot","component":"adherenceCounsellingDashboardLink","meta":{"slot":"adherence-counselling-summary-slot","columns":1,"path":"adherence-counselling","layoutMode":"anchored"}},{"name":"adherence-counselling-summary-ext","slot":"adherence-counselling-summary-slot","component":"adherenceCounsellingDashboard"},{"name":"partner-notification-services","slot":"ohri-hiv-care-and-treatment-slot","component":"partnerNotificationServicesDashboardLink","meta":{"slot":"partner-notification-services-slot","columns":1,"path":"partner-notification-services","layoutMode":"anchored"}},{"name":"partner-notification-services-ext","slot":"partner-notification-services-slot","component":"partnerNotificationServicesDashboard"},{"name":"ohri-hiv-prevention","slot":"patient-chart-dashboard-slot","component":"patientChartHIVPreventionDashboard","order":22},{"name":"hts-summary-dashboard","slot":"ohri-hiv-prevention-slot","component":"htsSummaryDashboardLink","meta":{"slot":"hts-summary-dashboard-slot","columns":1,"path":"hiv-testing-services","layoutMode":"anchored"}},{"name":"hts-summary-dashboard-ext","slot":"hts-summary-dashboard-slot","component":"htsSummaryDashboard"}],"version":"2.2.1-pre.161"},"@openmrs/esm-stock-management-app":{"$schema":"https://json.openmrs.org/routes.schema.json","backendDependencies":{"fhir2":">=1.2","webservices.rest":"^2.24.0"},"extensions":[{"name":"stock-management-dashboard","slot":"stock-management-dashboard-slot","component":"stockManagementDashboard"},{"name":"stock-management-admin-card-link","slot":"system-admin-page-card-link-slot","component":"stockManagementAdminCardLink"},{"name":"stock-operation-dialog","component":"stockOperationDialog"},{"name":"import-bulk-stock-items","component":"importBulkStockItemsDialog"},{"name":"delete-stock-modal","component":"deleteStockModal"},{"name":"delete-stock-user-scope-modal","component":"deleteUserScopeModal"},{"name":"stock-management-app-menu-item","component":"stockManagementAppMenuItem","slot":"app-menu-item-slot","meta":{"name":" Stock Management"}},{"name":"delete-stock-rule-modal","component":"deleteStockRuleModal"}],"pages":[{"component":"stockManagement","route":"stock-management"}],"version":"1.0.1-pre.348"},"@ohri/openmrs-esm-ohri-cervical-cancer-app":{"$schema":"https://json.openmrs.org/routes.schema.json","backendDependencies":{"webservices.rest":"^2.24.0"},"pages":[],"extensions":[{"name":"cervical-cancer","slot":"patient-chart-dashboard-slot","component":"cacxPatientChartDashboard","order":25,"meta":{"path":"Cervical Cancer","slot":"cervical-cancer-slot","isExpanded":false}},{"name":"'cacx-summary-dashboard","slot":"cervical-cancer-slot","component":"cacxSummaryDashboardLink","meta":{"path":"cacx-summary","slot":"cacx-summary-slot","layoutMode":"anchored","columns":1}},{"name":"cacx-summary-ext","slot":"cacx-summary-slot","component":"cacxSummaryDashboard"},{"name":"cacx-visits-dashboard","slot":"cervical-cancer-slot","component":"cacxVisitsDashboardLink","meta":{"path":"cacx-visits","slot":"cacx-visits-slot","layoutMode":"anchored","columns":1}},{"name":"cacx-visits-ext","slot":"cacx-visits-slot","component":"cacxVisitsDashboard"}],"version":"2.2.1-pre.161"},"@ohri/openmrs-esm-ohri-covid-app":{"$schema":"https://json.openmrs.org/routes.schema.json","backendDependencies":{"webservices.rest":"^2.24.0"},"pages":[],"extensions":[{"name":"covid-dashboard-items","slot":"dashboard-slot","component":"covidClinicalViewDashboardLink","meta":{"slot":"ohri-covid-dashboard-slot","isFolder":true,"title":"COVID"}},{"name":"covid-cases-dashboard-ext","slot":"ohri-covid-dashboard-slot","component":"covidCasesDashboardLink","meta":{"name":"covid-cases","slot":"covid-cases-dashboard-slot","config":{"columns":1,"type":"grid","programme":"covid","dashboardTitle":"COVID-19 Cases"},"path":"COVID-19","title":"COVID-19 Cases"}},{"name":"covid-cases-dashboard","slot":"covid-cases-dashboard-slot","component":"covidCasesDashboard","meta":{"name":"covid-cases","slot":"covid-cases-dashboard-slot","config":{"columns":1,"programme":"covid","dashboardTitle":"COVID-19 Home Page"},"title":"COVID-19 Cases"}},{"name":"covid-home-header-ext","slot":"covid-home-header-slot","component":"covidDashboardHeader"},{"name":"covid-home-tiles-ext","slot":"covid-home-tiles-slot","component":"covidDashboardTiles"},{"name":"covid-home-tabs-ext","slot":"covid-home-tabs-slot","component":"covidDashboardTabs"},{"name":"ohri-covid","slot":"patient-chart-dashboard-slot","component":"covidPatientChartDashboard"},{"name":"covid-assessments-dashboard","slot":"ohri-covid-patient-chart-slot","component":"covidAssessmentDashboardLink","meta":{"slot":"covid-assessments-dashboard-slot","columns":1,"path":"covid-assessments","layoutMode":"anchored"}},{"name":"covid-assessments-ext","slot":"covid-assessments-dashboard-slot","component":"covidAssessmentsDashboard"},{"name":"covid-lab-results","slot":"ohri-covid-patient-chart-slot","component":"covidLabResultsDashboardLink","meta":{"slot":"covid-lab-dashboard-slot","columns":1,"path":"lab-test","layoutMode":"anchored"}},{"name":"covid-lab-tests-ext","slot":"covid-lab-dashboard-slot","component":"covidLabResultsDashboard"},{"name":"covid-vaccinations-dashboard","slot":"ohri-covid-patient-chart-slot","component":"covidVaccinationDashboardLink","meta":{"slot":"covid-vaccinations-dashboard-slot","columns":1,"path":"covid-vaccinations","layoutMode":"anchored"}},{"name":"covid-vaccinations-ext","slot":"covid-vaccinations-dashboard-slot","component":"covidVaccinationsDashboard"}],"version":"2.2.1-pre.161"},"@ohri/openmrs-esm-ohri-tb-app":{"$schema":"https://json.openmrs.org/routes.schema.json","backendDependencies":{"webservices.rest":"^2.24.0"},"pages":[],"extensions":[{"name":"tb-dashboard-link","slot":"dashboard-slot","component":"tbFolderLink","meta":{"slot":"ohri-tb-dashboard-slot","isFolder":true,"title":"TB Program"}},{"name":"ohri-tb","slot":"patient-chart-dashboard-slot","component":"patientChartTbDashboard","order":24},{"name":"tpt-dashboard-link","slot":"dashboard-slot","component":"tptFolderLink","meta":{"slot":"ohri-tpt-dashboard-slot","isFolder":true,"title":"TPT Program"}},{"name":"ohri-tpt","slot":"patient-chart-dashboard-slot","component":"patientChartTptDashboard","order":24},{"name":"tb-summary-dashboard","slot":"ohri-tb-slot","component":"tbPatientSummaryDashboardLink","meta":{"slot":"tb-patient-summary-dashboard-slot","columns":1,"path":"tb-patient-summary","layoutMode":"anchored"}},{"name":"tb-patient-summary-ext","slot":"tb-patient-summary-dashboard-slot","component":"tbPatientSummaryList"},{"name":"tb-program-management-summary","slot":"ohri-tb-slot","component":"tbProgramManagementDashboardLink","meta":{"slot":"tb-program-management-summary-slot","columns":1,"path":"tb-program-management","layoutMode":"anchored"}},{"name":"tb-program-management-summary-ext","slot":"tb-program-management-summary-slot","component":"tbProgramManagementDashboard"},{"name":"tpt-patient-summary","slot":"ohri-tpt-slot","component":"tptPatientSummaryDashboardLink","meta":{"slot":"tpt-patient-summary-slot","columns":1,"path":"tpt-patient-summary","layoutMode":"anchored"}},{"name":"tpt-patient-summary-ext","slot":"tpt-patient-summary-slot","component":"tptPatientSummaryDashboard"},{"name":"tpt-program-management-summary","slot":"ohri-tpt-slot","component":"tptProgramManagementDashboardLink","meta":{"slot":"tpt-program-management-summary-slot","columns":1,"path":"tpt-program-management","layoutMode":"anchored"}},{"name":"tpt-program-management-summary-ext","slot":"tpt-program-management-summary-slot","component":"tptProgramManagementDashboard"},{"name":"tb-treatment-follow-up-summary","slot":"ohri-tb-slot","component":"tbTreatmentFollowUpDashboardLink","meta":{"slot":"tb-treatment-follow-up-summary-slot","columns":1,"path":"tb-treatment-follow-up","layoutMode":"anchored"}},{"name":"tb-treatment-follow-up-summary-ext","slot":"tb-treatment-follow-up-summary-slot","component":"tbTreatmentFollowUpDashboard"},{"name":"tb-contact-listing-summary","slot":"ohri-tb-slot","component":"tbContactListingDashboardLink","meta":{"slot":"tb-contact-listing-summary-slot","columns":1,"path":"tb-contact-listing","layoutMode":"anchored"}},{"name":"tb-contact-listing-summary-ext","slot":"tb-contact-listing-summary-slot","component":"tbContactListingDashboard"},{"name":"tb-dashboard-link","slot":"tb-dashboard-slot","component":"tbClinicalViewDashboardLink","meta":{"slot":"tb-clinical-dashboard-slot","isFolder":true,"title":"Tuberculosis"}},{"name":"tb-prevention-dashboard-ext","slot":"tb-clinical-dashboard-slot","component":"tbPreventionDashboardLink","meta":{"name":"tb-prevention","slot":"tb-prevention-dashboard-slot","config":{"columns":1,"type":"grid","programme":"tpt","dashboardTitle":"TB Prevention"},"title":"TB Prevention"}},{"name":"tb-prevention-dashboard","slot":"tb-prevention-dashboard-slot","component":"tbPreventionDashboard","meta":{"name":"tb-prevention","slot":"tb-prevention-dashboard-slot","config":{"columns":1,"programme":"tpt","dashboardTitle":"TB Prevention"},"title":"TB Prevention"}},{"name":"tb-cases-dashboard-ext","slot":"tb-clinical-dashboard-slot","component":"tbCasesDashboardLink","meta":{"name":"tb-cases","slot":"tb-cases-dashboard-slot","config":{"columns":1,"type":"grid","programme":"tb","dashboardTitle":"TB Treatment"},"title":"TB Treatment"}},{"name":"tb-cases-dashboard","slot":"tb-cases-dashboard-slot","component":"tbCasesDashboard","meta":{"name":"tb-cases","slot":"tb-cases-dashboard-slot","config":{"columns":1,"programme":"tb","dashboardTitle":"TB Treatment"},"title":"TB Treatment"}},{"name":"tb-home-header-ext","slot":"tb-home-header-slot","component":"tbDashboardHeader"},{"name":"tb-home-tiles-ext","slot":"tb-home-tiles-slot","component":"tbDashboardTiles"},{"name":"tb-home-tabs-ext","slot":"tb-home-tabs-slot","component":"tbDashboardTabs"},{"name":"tpt-home-header-ext","slot":"tpt-home-header-slot","component":"tptDashboardHeader"},{"name":"tpt-home-tiles-ext","slot":"tpt-home-tiles-slot","component":"tptDashboardTiles"},{"name":"tpt-home-tabs-ext","slot":"tpt-home-tabs-slot","component":"tptDashboardTabs"}],"version":"2.2.1-pre.161"},"@openmrs/esm-laboratory-app":{"$schema":"https://json.openmrs.org/routes.schema.json","backendDependencies":{"fhir2":">=1.2","webservices.rest":"^2.24.0"},"pages":[{"component":"root","route":"laboratory"}],"extensions":[{"name":"laboratory-dashboard","slot":"laboratory-dashboard-slot","component":"root"},{"name":"laboratory-dashboard-link","slot":"homepage-dashboard-slot","component":"laboratoryDashboardLink","meta":{"name":"laboratory","slot":"laboratory-dashboard-slot","title":"Laboratory"}},{"name":"laboratory-patient-chart-link","slot":"patient-chart-dashboard-slot","component":"laboratoryOrderDashboardLink","order":13,"meta":{"path":"laboratory-orders","slot":"laboratory-orders-dashboard-slot","title":"Laboratory","columns":1,"layoutMode":"anchored"}},{"name":"laboratory-orders-summary","slot":"laboratory-orders-dashboard-slot","component":"laboratoryOrderComponent"},{"name":"add-to-worklist-dialog","component":"addToWorklistDialog"},{"name":"results-summary","component":"resultsSummaryWorkSpace"},{"name":"edit-results-dialog","component":"editResultsDialog"},{"name":"send-email-dialog","component":"sendEmailDialog"},{"name":"review-item-dialog","component":"reviewItemDialog"},{"name":"reject-order-dialog","component":"rejectOrderDialog"},{"name":"worklist-panel-component","slot":"lab-panels-slot","component":"worklistComponent","meta":{"name":"worklistPanelSlot","title":"Worklist"}},{"name":"referred-panel-component","slot":"lab-panels-slot","component":"referredTestComponent","meta":{"name":"referredPanleSlot","title":"Referred tests"}},{"name":"review-panel-component","slot":"lab-panels-slot","component":"reviewComponent","meta":{"name":"reviewPanelSlot","title":"Review"}},{"name":"approved-panel-component","slot":"lab-panels-slot","component":"approvedComponent","meta":{"name":"approvedPanelSlot","title":"Approved"}},{"name":"tests-ordered-tile-component","slot":"lab-tiles-slot","component":"testOrderedTileComponent","meta":{"name":"testsOrderedTileSlot","title":"Ordered tests"}},{"name":"completed-tile-component","slot":"lab-tiles-slot","component":"completedTileComponent","meta":{"name":"completedTileSlot","title":"Completed"}},{"name":"worklist-tile-component","slot":"lab-tiles-slot","component":"worklistTileComponent","meta":{"name":"worklisTileSlot","title":"Worklist"}},{"name":"referred-tile-component","slot":"lab-tiles-slot","component":"referredTileComponent","meta":{"name":"referredTileSlot","title":"Referred tests"}},{"name":"pick-lab-request-button","component":"pickLabRequestButton","slot":"order-actions-slot"},{"name":"reject-order-button","component":"rejectOrderButton","slot":"order-actions-slot"}],"version":"1.0.1-pre.249"},"@ampath/esm-lab-order-manifest-app":{"$schema":"https://json.openmrs.org/routes.schema.json","backendDependencies":{"webservices.rest":"^2.2.0"},"pages":[],"extensions":[{"name":"lab-order-manifest-component","slot":"lab-panels-slot","component":"manifestOrdersComponent","meta":{"name":"worklistPanelSlot","title":"Ref Lab Orders"}},{"name":"post-lab-order-to-eid-component","component":"postOrderToEidDialog"},{"name":"post-eid-order-button","component":"postOrderToEidButton","slot":"order-actions-slot"}],"version":"6.0.1-pre.33"},"@ohri/openmrs-esm-ohri-form-render-app":{"$schema":"https://json.openmrs.org/routes.schema.json","backendDependencies":{"webservices.rest":"^2.24.0"},"pages":[{"component":"FormRenderTest","route":"form-render-test"}],"extensions":[{"name":"form-render-link","slot":"app-menu-slot","component":"FormRenderLink"}],"version":"2.2.1-pre.161"},"@ohri/openmrs-esm-ohri-pmtct":{"$schema":"https://json.openmrs.org/routes.schema.json","backendDependencies":{"webservices.rest":"^2.24.0"},"pages":[],"extensions":[{"name":"mch","slot":"patient-chart-dashboard-slot","component":"mchDashboard","order":25},{"name":"mch-summary-dashboard","slot":"mch-slot","component":"mchSummaryDashboardLink","meta":{"path":"mnch-summary","slot":"mch-summary-slot","layoutMode":"anchored","columns":1}},{"name":"mch-summary-ext","slot":"mch-summary-slot","component":"mchSummaryDashboard","meta":{"title":"Client Summary"}},{"name":"maternal-visits-dashboard","slot":"mch-slot","component":"maternalVisitsDashboardLink","meta":{"path":"maternal-visits","slot":"maternal-visits-summary-slot","layoutMode":"anchored","columns":1}},{"name":"maternal-visits-summary-ext","slot":"maternal-visits-summary-slot","component":"maternalVisitsDashboard"},{"name":"child-visits-dashboard","slot":"mch-slot","component":"childVisitsDashboardLink","meta":{"path":"child-visits","slot":"child-visits-summary-slot","layoutMode":"anchored","columns":1}},{"name":"child-visits-summary-ext","slot":"child-visits-summary-slot","component":"childVisitsDashboard"},{"name":"maternal-child-health-results-summary","slot":"dashboard-slot","component":"maternalChildDashboardLink","meta":{"title":"Maternal & Child Health","path":"Maternal & Child Health","slot":"mother-child-health-dashboard-slot","config":{"columns":1,"type":"grid","programme":"pmtct","dashboardTitle":"Mother and Child Health"},"isLink":true}},{"name":"mother-child-health-results-dashboard","slot":"mother-child-health-dashboard-slot","component":"maternalChildDashboard","meta":{"name":"mother-child-health","slot":"mother-child-health-dashboard-slot","config":{"columns":1,"programme":"pmtct","dashboardTitle":"Mother Child Health Home Page"},"title":"Maternal & Child Health"}},{"name":"pmtct-home-header-slot","slot":"pmtct-home-header-slot","component":"pmtctDashboardHeader"},{"name":"pmtct-home-tiles-ext","slot":"pmtct-home-tiles-slot","component":"pmtctDashboardTiles"},{"name":"pmtct-home-tabs-ext","slot":"pmtct-home-tabs-slot","component":"pmtctDashboardTabs"}],"version":"2.2.1-pre.161"},"@ampath/esm-preappointment-app":{"$schema":"https://json.openmrs.org/routes.schema.json","backendDependencies":{"webservices.rest":"^2.2.0"},"pages":[],"extensions":[{"name":"preappointment-dashboard","component":"preAppointments","slot":"homepage-widgets-slot"}],"version":"6.0.1-pre.33"},"@ampath/esm-projectbeyond-app":{"$schema":"https://json.openmrs.org/routes.schema.json","backendDependencies":{"fhir2":"^1.2.0","webservices.rest":"^2.24.0"},"extensions":[{"name":"Red box","component":"redBox","slot":"Boxes"},{"name":"Blue box","component":"blueBox","slot":"Boxes"},{"name":"Brand box","component":"blueBox","slot":"Boxes"}],"pages":[{"component":"root","route":"root"}],"version":"3.0.3"},"@ampath/esm-ampath-core-app":{"$schema":"https://json.openmrs.org/routes.schema.json","backendDependencies":{"webservices.rest":"^2.24.0"},"pages":[],"extensions":[{"name":"clinical-view-section","component":"clinicalViewPatientDashboard","slot":"patient-chart-dashboard-slot","order":20}],"version":"6.0.1-pre.33"},"@ampath/esm-otz-app":{"$schema":"https://json.openmrs.org/routes.schema.json","backendDependencies":{"webservices.rest":"^2.2.0"},"pages":[{"component":"root","route":"otz"}],"extensions":[{"component":"root","name":"otz-root","slot":"otz-dashboard-slot"},{"component":"otzLeftPanelLink","name":"otz-left-panel-link","slot":"homepage-dashboard-slot","meta":{"name":"otz","title":"OTZ","slot":"otz-dashboard-slot","config":{"columns":1,"type":"grid","programme":"otz","dashboardTitle":"OTZ Dashboard"}}},{"name":"otz-home-tiles-ext","slot":"otz-home-tiles-slot","component":"otzDashboardTiles"},{"name":"otz-home-tabs-ext","slot":"otz-home-tabs-slot","component":"otzDashboardTabs"}],"version":"6.0.1-pre.33"}}