{"coreVersion":"5.4.1-pre.1581","frontendModules":{"@openmrs/esm-devtools-app":"5.4.1-pre.1581","@openmrs/esm-home-app":"5.2.3-pre.342","@openmrs/esm-patient-banner-app":"7.0.2-pre.3855","@openmrs/esm-system-admin-app":"4.0.2-pre.108","@openmrs/esm-patient-flags-app":"7.0.2-pre.3855","@openmrs/esm-patient-lists-app":"7.0.2-pre.3855","@openmrs/esm-primary-navigation-app":"5.4.1-pre.1581","@openmrs/esm-patient-search-app":"6.0.1-pre.2754","@openmrs/esm-login-app":"5.4.0","@openmrs/esm-active-visits-app":"6.0.1-pre.2754","@openmrs/esm-patient-forms-app":"7.0.2-pre.3855","@openmrs/esm-patient-appointments-app":"7.0.2-pre.3855","@openmrs/esm-patient-attachments-app":"7.0.2-pre.3855","@openmrs/esm-patient-allergies-app":"7.0.2-pre.3855","@openmrs/esm-patient-programs-app":"7.0.2-pre.3855","@openmrs/esm-patient-notes-app":"7.0.2-pre.3855","@openmrs/esm-patient-conditions-app":"7.0.2-pre.3855","@openmrs/esm-patient-orders-app":"7.0.2-pre.3855","@openmrs/esm-implementer-tools-app":"5.4.1-pre.1581","@openmrs/esm-patient-medications-app":"7.0.2-pre.3855","@openmrs/esm-patient-chart-app":"7.0.2-pre.3855","@openmrs/esm-service-queues-app":"6.0.1-pre.2754","@openmrs/esm-patient-test-results-app":"5.0.1-pre.2468","@openmrs/esm-patient-vitals-app":"7.0.2-pre.3855","@openmrs/esm-dispensing-app":"1.3.1-pre.269","@openmrs/esm-stock-management-app":"1.0.1-pre.334","@openmrs/esm-appointments-app":"6.0.1-pre.2754","@openmrs/esm-form-entry-app":"7.0.2-pre.3855","@openmrs/esm-laboratory-app":"1.0.1-pre.226","@openmrs/esm-form-builder-app":"2.3.1-pre.681","@ampath/esm-patient-registration-app":"6.0.1-pre.11","@ampath/esm-preappointment-app":"6.0.1-pre.11"}}