{"coreVersion":"5.4.1-pre.1616","frontendModules":{"@openmrs/esm-home-app":"5.2.3-pre.360","@openmrs/esm-patient-conditions-app":"7.0.2-pre.4030","@openmrs/esm-patient-chart-app":"7.0.2-pre.4030","@openmrs/esm-patient-vitals-app":"7.0.2-pre.4030","@openmrs/esm-patient-allergies-app":"7.0.2-pre.4030","@openmrs/esm-form-builder-app":"2.3.1-pre.695","@openmrs/esm-patient-banner-app":"7.0.2-pre.4030","@openmrs/esm-active-visits-app":"6.0.1-pre.2833","@openmrs/esm-primary-navigation-app":"5.4.1-pre.1616","@openmrs/esm-implementer-tools-app":"5.4.1-pre.1616","@openmrs/esm-appointments-app":"6.0.1-pre.2833","@openmrs/esm-patient-medications-app":"7.0.2-pre.4030","@openmrs/esm-patient-forms-app":"7.0.2-pre.4030","@openmrs/esm-patient-programs-app":"7.0.2-pre.4030","@openmrs/esm-devtools-app":"5.4.1-pre.1616","@openmrs/esm-login-app":"5.4.0","@openmrs/esm-patient-attachments-app":"7.0.2-pre.4030","@openmrs/esm-dispensing-app":"1.3.1-pre.272","@openmrs/esm-patient-search-app":"6.0.1-pre.2833","@openmrs/esm-patient-flags-app":"7.0.2-pre.4030","@openmrs/esm-service-queues-app":"6.0.1-pre.2833","@openmrs/esm-patient-notes-app":"7.0.2-pre.4030","@ampath/esm-patient-registration-app":"6.0.1-pre.33","@openmrs/esm-patient-appointments-app":"7.0.2-pre.4030","@openmrs/esm-patient-lists-app":"7.0.2-pre.4030","@openmrs/esm-system-admin-app":"4.0.2-pre.128","@openmrs/esm-patient-orders-app":"7.0.2-pre.4030","@openmrs/esm-patient-labs-app":"7.0.2-pre.4030","@ohri/openmrs-esm-ohri-hiv-app":"2.2.1-pre.161","@openmrs/esm-stock-management-app":"1.0.1-pre.348","@ohri/openmrs-esm-ohri-cervical-cancer-app":"2.2.1-pre.161","@ohri/openmrs-esm-ohri-covid-app":"2.2.1-pre.161","@ohri/openmrs-esm-ohri-tb-app":"2.2.1-pre.161","@openmrs/esm-laboratory-app":"1.0.1-pre.249","@ampath/esm-lab-order-manifest-app":"6.0.1-pre.33","@ohri/openmrs-esm-ohri-form-render-app":"2.2.1-pre.161","@ohri/openmrs-esm-ohri-pmtct":"2.2.1-pre.161","@ampath/esm-preappointment-app":"6.0.1-pre.33","@ampath/esm-projectbeyond-app":"3.0.3","@ampath/esm-ampath-core-app":"6.0.1-pre.33","@ampath/esm-otz-app":"6.0.1-pre.33"}}