{
  "chunks": [
    {
      "rendered": true,
      "initial": false,
      "entry": false,
      "recorded": false,
      "reason": "reused as split chunk (cache group: defaultVendors)",
      "size": 1212882,
      "sizes": {
        "javascript": 1212882
      },
      "names": [],
      "idHints": [
        "vendors"
      ],
      "runtime": [
        "@ampath/esm-patient-registration-app",
        "main"
      ],
      "files": [
        "130.js"
      ],
      "auxiliaryFiles": [
        "130.js.map"
      ],
      "hash": "c5dbaa9d783aec8b",
      "childrenByOrder": {}
    },
    {
      "rendered": true,
      "initial": false,
      "entry": false,
      "recorded": false,
      "size": 458,
      "sizes": {
        "javascript": 458
      },
      "names": [],
      "idHints": [],
      "runtime": [
        "@ampath/esm-patient-registration-app",
        "main"
      ],
      "files": [
        "152.js"
      ],
      "auxiliaryFiles": [
        "152.js.map"
      ],
      "hash": "b05566c22cf25db7",
      "childrenByOrder": {}
    },
    {
      "rendered": true,
      "initial": true,
      "entry": true,
      "recorded": false,
      "size": 3212998,
      "sizes": {
        "consume-shared": 294,
        "javascript": 3191680,
        "share-init": 294,
        "runtime": 20730
      },
      "names": [
        "main"
      ],
      "idHints": [],
      "runtime": [
        "main"
      ],
      "files": [
        "main.js"
      ],
      "auxiliaryFiles": [
        "main.js.map"
      ],
      "hash": "58cd19a044d65988",
      "childrenByOrder": {}
    },
    {
      "rendered": true,
      "initial": false,
      "entry": false,
      "recorded": false,
      "reason": "split chunk (cache group: defaultVendors)",
      "size": 2734122,
      "sizes": {
        "javascript": 2734122
      },
      "names": [],
      "idHints": [
        "vendors"
      ],
      "runtime": [
        "@ampath/esm-patient-registration-app"
      ],
      "files": [
        "249.js"
      ],
      "auxiliaryFiles": [
        "249.js.map"
      ],
      "hash": "6a40924b706b7249",
      "childrenByOrder": {}
    },
    {
      "rendered": true,
      "initial": false,
      "entry": false,
      "recorded": false,
      "reason": "split chunk (cache group: defaultVendors)",
      "size": 21668,
      "sizes": {
        "javascript": 21668
      },
      "names": [],
      "idHints": [
        "vendors"
      ],
      "runtime": [
        "@ampath/esm-patient-registration-app",
        "main"
      ],
      "files": [
        "255.js"
      ],
      "auxiliaryFiles": [
        "255.js.map"
      ],
      "hash": "c10f6693b9c72208",
      "childrenByOrder": {}
    },
    {
      "rendered": false,
      "initial": false,
      "entry": false,
      "recorded": false,
      "reason": "reused as split chunk (cache group: default)",
      "size": 42,
      "sizes": {
        "consume-shared": 42
      },
      "names": [],
      "idHints": [],
      "runtime": [
        "@ampath/esm-patient-registration-app",
        "main"
      ],
      "files": [],
      "auxiliaryFiles": [],
      "hash": "37c61c70ba806bf9",
      "childrenByOrder": {}
    },
    {
      "rendered": true,
      "initial": false,
      "entry": false,
      "recorded": false,
      "size": 2346,
      "sizes": {
        "javascript": 2346
      },
      "names": [],
      "idHints": [],
      "runtime": [
        "@ampath/esm-patient-registration-app",
        "main"
      ],
      "files": [
        "271.js"
      ],
      "auxiliaryFiles": [],
      "hash": "d889e7c4dbc28e28",
      "childrenByOrder": {}
    },
    {
      "rendered": true,
      "initial": false,
      "entry": false,
      "recorded": false,
      "size": 458,
      "sizes": {
        "javascript": 458
      },
      "names": [],
      "idHints": [],
      "runtime": [
        "@ampath/esm-patient-registration-app",
        "main"
      ],
      "files": [
        "303.js"
      ],
      "auxiliaryFiles": [
        "303.js.map"
      ],
      "hash": "7ea06af77284c93d",
      "childrenByOrder": {}
    },
    {
      "rendered": true,
      "initial": false,
      "entry": false,
      "recorded": false,
      "size": 5099,
      "sizes": {
        "javascript": 5099
      },
      "names": [],
      "idHints": [],
      "runtime": [
        "@ampath/esm-patient-registration-app",
        "main"
      ],
      "files": [
        "319.js"
      ],
      "auxiliaryFiles": [],
      "hash": "f9ebd525e699a153",
      "childrenByOrder": {}
    },
    {
      "rendered": true,
      "initial": true,
      "entry": true,
      "recorded": false,
      "size": 20666,
      "sizes": {
        "javascript": 42,
        "share-init": 294,
        "runtime": 20330
      },
      "names": [
        "@ampath/esm-patient-registration-app"
      ],
      "idHints": [],
      "runtime": [
        "@ampath/esm-patient-registration-app"
      ],
      "files": [
        "ampath-esm-patient-registration-app.js"
      ],
      "auxiliaryFiles": [
        "ampath-esm-patient-registration-app.js.map"
      ],
      "hash": "d4dd3de2ec9c7158",
      "childrenByOrder": {}
    },
    {
      "rendered": false,
      "initial": false,
      "entry": false,
      "recorded": false,
      "reason": "split chunk (cache group: default)",
      "size": 42,
      "sizes": {
        "consume-shared": 42
      },
      "names": [],
      "idHints": [],
      "runtime": [
        "@ampath/esm-patient-registration-app",
        "main"
      ],
      "files": [],
      "auxiliaryFiles": [],
      "hash": "394a8b327cd4cb3f",
      "childrenByOrder": {}
    },
    {
      "rendered": true,
      "initial": false,
      "entry": false,
      "recorded": false,
      "size": 436100,
      "sizes": {
        "javascript": 435890,
        "consume-shared": 210
      },
      "names": [],
      "idHints": [],
      "runtime": [
        "@ampath/esm-patient-registration-app"
      ],
      "files": [
        "365.js"
      ],
      "auxiliaryFiles": [
        "365.js.map"
      ],
      "hash": "71722462f6a1ab79",
      "childrenByOrder": {}
    },
    {
      "rendered": true,
      "initial": false,
      "entry": false,
      "recorded": false,
      "size": 4284,
      "sizes": {
        "javascript": 4284
      },
      "names": [],
      "idHints": [],
      "runtime": [
        "@ampath/esm-patient-registration-app",
        "main"
      ],
      "files": [
        "460.js"
      ],
      "auxiliaryFiles": [],
      "hash": "ce62947b3eec11e4",
      "childrenByOrder": {}
    },
    {
      "rendered": true,
      "initial": false,
      "entry": false,
      "recorded": false,
      "size": 39276,
      "sizes": {
        "javascript": 39276
      },
      "names": [],
      "idHints": [],
      "runtime": [
        "@ampath/esm-patient-registration-app",
        "main"
      ],
      "files": [
        "525.js"
      ],
      "auxiliaryFiles": [
        "525.js.map"
      ],
      "hash": "45fa65800ed6e7f8",
      "childrenByOrder": {}
    },
    {
      "rendered": true,
      "initial": false,
      "entry": false,
      "recorded": false,
      "size": 11122,
      "sizes": {
        "javascript": 11122
      },
      "names": [],
      "idHints": [],
      "runtime": [
        "@ampath/esm-patient-registration-app",
        "main"
      ],
      "files": [
        "537.js"
      ],
      "auxiliaryFiles": [
        "537.js.map"
      ],
      "hash": "90259bfcc110d114",
      "childrenByOrder": {}
    },
    {
      "rendered": true,
      "initial": false,
      "entry": false,
      "recorded": false,
      "size": 4806,
      "sizes": {
        "javascript": 4806
      },
      "names": [],
      "idHints": [],
      "runtime": [
        "@ampath/esm-patient-registration-app",
        "main"
      ],
      "files": [
        "574.js"
      ],
      "auxiliaryFiles": [],
      "hash": "fff36f59a3d1c08f",
      "childrenByOrder": {}
    },
    {
      "rendered": true,
      "initial": false,
      "entry": false,
      "recorded": false,
      "reason": "reused as split chunk (cache group: defaultVendors)",
      "size": 190348,
      "sizes": {
        "javascript": 190348
      },
      "names": [],
      "idHints": [
        "vendors"
      ],
      "runtime": [
        "@ampath/esm-patient-registration-app",
        "main"
      ],
      "files": [
        "591.js"
      ],
      "auxiliaryFiles": [
        "591.js.map"
      ],
      "hash": "23bcbd664b17b0b4",
      "childrenByOrder": {}
    },
    {
      "rendered": true,
      "initial": false,
      "entry": false,
      "recorded": false,
      "size": 35796,
      "sizes": {
        "javascript": 35796
      },
      "names": [],
      "idHints": [],
      "runtime": [
        "@ampath/esm-patient-registration-app",
        "main"
      ],
      "files": [
        "621.js"
      ],
      "auxiliaryFiles": [
        "621.js.map"
      ],
      "hash": "03b77f54b89fd923",
      "childrenByOrder": {}
    },
    {
      "rendered": true,
      "initial": false,
      "entry": false,
      "recorded": false,
      "size": 2346,
      "sizes": {
        "javascript": 2346
      },
      "names": [],
      "idHints": [],
      "runtime": [
        "@ampath/esm-patient-registration-app",
        "main"
      ],
      "files": [
        "644.js"
      ],
      "auxiliaryFiles": [],
      "hash": "a982fe8004f7fe98",
      "childrenByOrder": {}
    },
    {
      "rendered": true,
      "initial": false,
      "entry": false,
      "recorded": false,
      "reason": "reused as split chunk (cache group: defaultVendors)",
      "size": 26095,
      "sizes": {
        "javascript": 26095
      },
      "names": [],
      "idHints": [
        "vendors"
      ],
      "runtime": [
        "@ampath/esm-patient-registration-app",
        "main"
      ],
      "files": [
        "729.js"
      ],
      "auxiliaryFiles": [
        "729.js.map"
      ],
      "hash": "7872c3509a0262e6",
      "childrenByOrder": {}
    },
    {
      "rendered": true,
      "initial": false,
      "entry": false,
      "recorded": false,
      "size": 1183,
      "sizes": {
        "javascript": 1183
      },
      "names": [],
      "idHints": [],
      "runtime": [
        "@ampath/esm-patient-registration-app",
        "main"
      ],
      "files": [
        "735.js"
      ],
      "auxiliaryFiles": [
        "735.js.map"
      ],
      "hash": "5ea4d5fe24e4e76f",
      "childrenByOrder": {}
    },
    {
      "rendered": true,
      "initial": false,
      "entry": false,
      "recorded": false,
      "size": 5188,
      "sizes": {
        "javascript": 5188
      },
      "names": [],
      "idHints": [],
      "runtime": [
        "@ampath/esm-patient-registration-app",
        "main"
      ],
      "files": [
        "757.js"
      ],
      "auxiliaryFiles": [],
      "hash": "95ba164e3fe844a4",
      "childrenByOrder": {}
    },
    {
      "rendered": true,
      "initial": false,
      "entry": false,
      "recorded": false,
      "size": 7103,
      "sizes": {
        "javascript": 7103
      },
      "names": [],
      "idHints": [],
      "runtime": [
        "@ampath/esm-patient-registration-app",
        "main"
      ],
      "files": [
        "784.js"
      ],
      "auxiliaryFiles": [
        "784.js.map"
      ],
      "hash": "9d5c1714da535052",
      "childrenByOrder": {}
    },
    {
      "rendered": true,
      "initial": false,
      "entry": false,
      "recorded": false,
      "size": 4340,
      "sizes": {
        "javascript": 4340
      },
      "names": [],
      "idHints": [],
      "runtime": [
        "@ampath/esm-patient-registration-app",
        "main"
      ],
      "files": [
        "788.js"
      ],
      "auxiliaryFiles": [],
      "hash": "ff6d40a4360190ae",
      "childrenByOrder": {}
    },
    {
      "rendered": true,
      "initial": false,
      "entry": false,
      "recorded": false,
      "size": 4854,
      "sizes": {
        "javascript": 4854
      },
      "names": [],
      "idHints": [],
      "runtime": [
        "@ampath/esm-patient-registration-app",
        "main"
      ],
      "files": [
        "807.js"
      ],
      "auxiliaryFiles": [],
      "hash": "050ece1654060057",
      "childrenByOrder": {}
    },
    {
      "rendered": true,
      "initial": false,
      "entry": false,
      "recorded": false,
      "size": 4217,
      "sizes": {
        "javascript": 4217
      },
      "names": [],
      "idHints": [],
      "runtime": [
        "@ampath/esm-patient-registration-app",
        "main"
      ],
      "files": [
        "833.js"
      ],
      "auxiliaryFiles": [],
      "hash": "67b062ab7c0defd5",
      "childrenByOrder": {}
    },
    {
      "rendered": true,
      "initial": false,
      "entry": false,
      "recorded": false,
      "size": 6670,
      "sizes": {
        "javascript": 6670
      },
      "names": [],
      "idHints": [],
      "runtime": [
        "@ampath/esm-patient-registration-app",
        "main"
      ],
      "files": [
        "879.js"
      ],
      "auxiliaryFiles": [
        "879.js.map"
      ],
      "hash": "dd0e0d916d5eab6b",
      "childrenByOrder": {}
    }
  ]
}