{
  "chunks": [
    {
      "rendered": true,
      "initial": false,
      "entry": false,
      "recorded": false,
      "reason": "split chunk (cache group: defaultVendors)",
      "size": 37191,
      "sizes": {
        "javascript": 37191
      },
      "names": [],
      "idHints": [
        "vendors"
      ],
      "runtime": [
        "@ohri/openmrs-esm-ohri-covid-app",
        "main"
      ],
      "files": [
        "32.js"
      ],
      "auxiliaryFiles": [
        "32.js.map"
      ],
      "hash": "60a0dfa6685bd95b",
      "childrenByOrder": {}
    },
    {
      "rendered": false,
      "initial": false,
      "entry": false,
      "recorded": false,
      "reason": "reused as split chunk (cache group: default)",
      "size": 42,
      "sizes": {
        "consume-shared": 42
      },
      "names": [],
      "idHints": [],
      "runtime": [
        "@ohri/openmrs-esm-ohri-covid-app",
        "main"
      ],
      "files": [],
      "auxiliaryFiles": [],
      "hash": "57948a49eff1935f",
      "childrenByOrder": {}
    },
    {
      "rendered": true,
      "initial": false,
      "entry": false,
      "recorded": false,
      "size": 45094,
      "sizes": {
        "javascript": 45094
      },
      "names": [],
      "idHints": [],
      "runtime": [
        "@ohri/openmrs-esm-ohri-covid-app",
        "main"
      ],
      "files": [
        "101.js"
      ],
      "auxiliaryFiles": [
        "101.js.map"
      ],
      "hash": "fab08e8de5a950e9",
      "childrenByOrder": {}
    },
    {
      "rendered": true,
      "initial": false,
      "entry": false,
      "recorded": false,
      "reason": "reused as split chunk (cache group: defaultVendors)",
      "size": 1215476,
      "sizes": {
        "javascript": 1215476
      },
      "names": [],
      "idHints": [
        "vendors"
      ],
      "runtime": [
        "@ohri/openmrs-esm-ohri-covid-app",
        "main"
      ],
      "files": [
        "130.js"
      ],
      "auxiliaryFiles": [
        "130.js.map"
      ],
      "hash": "3564cd21250def9e",
      "childrenByOrder": {}
    },
    {
      "rendered": true,
      "initial": true,
      "entry": true,
      "recorded": false,
      "size": 7079883,
      "sizes": {
        "consume-shared": 294,
        "javascript": 7058105,
        "share-init": 294,
        "runtime": 21190
      },
      "names": [
        "main"
      ],
      "idHints": [],
      "runtime": [
        "main"
      ],
      "files": [
        "main.js"
      ],
      "auxiliaryFiles": [
        "main.js.map"
      ],
      "hash": "c63ca765c36cc755",
      "childrenByOrder": {}
    },
    {
      "rendered": false,
      "initial": false,
      "entry": false,
      "recorded": false,
      "reason": "reused as split chunk (cache group: default)",
      "size": 42,
      "sizes": {
        "consume-shared": 42
      },
      "names": [],
      "idHints": [],
      "runtime": [
        "@ohri/openmrs-esm-ohri-covid-app",
        "main"
      ],
      "files": [],
      "auxiliaryFiles": [],
      "hash": "3c9dfeb20bca8740",
      "childrenByOrder": {}
    },
    {
      "rendered": false,
      "initial": false,
      "entry": false,
      "recorded": false,
      "reason": "split chunk (cache group: default)",
      "size": 42,
      "sizes": {
        "consume-shared": 42
      },
      "names": [],
      "idHints": [],
      "runtime": [
        "@ohri/openmrs-esm-ohri-covid-app",
        "main"
      ],
      "files": [],
      "auxiliaryFiles": [],
      "hash": "797cf601b9a6a439",
      "childrenByOrder": {}
    },
    {
      "rendered": true,
      "initial": false,
      "entry": false,
      "recorded": false,
      "reason": "split chunk (cache group: defaultVendors)",
      "size": 3442510,
      "sizes": {
        "javascript": 3442510
      },
      "names": [],
      "idHints": [
        "vendors"
      ],
      "runtime": [
        "@ohri/openmrs-esm-ohri-covid-app"
      ],
      "files": [
        "400.js"
      ],
      "auxiliaryFiles": [
        "400.js.map"
      ],
      "hash": "f969af92367d4523",
      "childrenByOrder": {}
    },
    {
      "rendered": true,
      "initial": false,
      "entry": false,
      "recorded": false,
      "size": 9917,
      "sizes": {
        "javascript": 9917
      },
      "names": [],
      "idHints": [],
      "runtime": [
        "@ohri/openmrs-esm-ohri-covid-app",
        "main"
      ],
      "files": [
        "570.js"
      ],
      "auxiliaryFiles": [
        "570.js.map"
      ],
      "hash": "42d428536ea8d53b",
      "childrenByOrder": {}
    },
    {
      "rendered": true,
      "initial": false,
      "entry": false,
      "recorded": false,
      "size": 1465,
      "sizes": {
        "javascript": 1465
      },
      "names": [],
      "idHints": [],
      "runtime": [
        "@ohri/openmrs-esm-ohri-covid-app",
        "main"
      ],
      "files": [
        "574.js"
      ],
      "auxiliaryFiles": [],
      "hash": "7e5b5aaad0c9028d",
      "childrenByOrder": {}
    },
    {
      "rendered": true,
      "initial": false,
      "entry": false,
      "recorded": false,
      "reason": "split chunk (cache group: defaultVendors)",
      "size": 412108,
      "sizes": {
        "javascript": 412108
      },
      "names": [],
      "idHints": [
        "vendors"
      ],
      "runtime": [
        "@ohri/openmrs-esm-ohri-covid-app",
        "main"
      ],
      "files": [
        "604.js"
      ],
      "auxiliaryFiles": [
        "604.js.map"
      ],
      "hash": "a9acc0ef656b0102",
      "childrenByOrder": {}
    },
    {
      "rendered": true,
      "initial": false,
      "entry": false,
      "recorded": false,
      "reason": "split chunk (cache group: defaultVendors)",
      "size": 3082607,
      "sizes": {
        "javascript": 3082607
      },
      "names": [],
      "idHints": [
        "vendors"
      ],
      "runtime": [
        "@ohri/openmrs-esm-ohri-covid-app",
        "main"
      ],
      "files": [
        "609.js"
      ],
      "auxiliaryFiles": [
        "609.js.map"
      ],
      "hash": "bff297cd5979027c",
      "childrenByOrder": {}
    },
    {
      "rendered": true,
      "initial": false,
      "entry": false,
      "recorded": false,
      "reason": "reused as split chunk (cache group: defaultVendors)",
      "size": 41801,
      "sizes": {
        "javascript": 41801
      },
      "names": [],
      "idHints": [
        "vendors"
      ],
      "runtime": [
        "@ohri/openmrs-esm-ohri-covid-app",
        "main"
      ],
      "files": [
        "637.js"
      ],
      "auxiliaryFiles": [
        "637.js.map"
      ],
      "hash": "9cba7402f24ea793",
      "childrenByOrder": {}
    },
    {
      "rendered": true,
      "initial": false,
      "entry": false,
      "recorded": false,
      "size": 504,
      "sizes": {
        "javascript": 504
      },
      "names": [],
      "idHints": [],
      "runtime": [
        "@ohri/openmrs-esm-ohri-covid-app",
        "main"
      ],
      "files": [
        "652.js"
      ],
      "auxiliaryFiles": [
        "652.js.map"
      ],
      "hash": "d929f857e8a572e9",
      "childrenByOrder": {}
    },
    {
      "rendered": false,
      "initial": false,
      "entry": false,
      "recorded": false,
      "reason": "split chunk (cache group: default)",
      "size": 168,
      "sizes": {
        "consume-shared": 168
      },
      "names": [],
      "idHints": [],
      "runtime": [
        "@ohri/openmrs-esm-ohri-covid-app",
        "main"
      ],
      "files": [],
      "auxiliaryFiles": [],
      "hash": "ca19dc779700979e",
      "childrenByOrder": {}
    },
    {
      "rendered": true,
      "initial": false,
      "entry": false,
      "recorded": false,
      "size": 13964,
      "sizes": {
        "javascript": 13964
      },
      "names": [],
      "idHints": [],
      "runtime": [
        "@ohri/openmrs-esm-ohri-covid-app",
        "main"
      ],
      "files": [
        "731.js"
      ],
      "auxiliaryFiles": [
        "731.js.map"
      ],
      "hash": "b4029dd15e14904c",
      "childrenByOrder": {}
    },
    {
      "rendered": true,
      "initial": false,
      "entry": false,
      "recorded": false,
      "size": 45467,
      "sizes": {
        "javascript": 45467
      },
      "names": [],
      "idHints": [],
      "runtime": [
        "@ohri/openmrs-esm-ohri-covid-app",
        "main"
      ],
      "files": [
        "747.js"
      ],
      "auxiliaryFiles": [
        "747.js.map"
      ],
      "hash": "8762bd8ee3edf15c",
      "childrenByOrder": {}
    },
    {
      "rendered": true,
      "initial": false,
      "entry": false,
      "recorded": false,
      "size": 11050,
      "sizes": {
        "javascript": 11050
      },
      "names": [],
      "idHints": [],
      "runtime": [
        "@ohri/openmrs-esm-ohri-covid-app",
        "main"
      ],
      "files": [
        "783.js"
      ],
      "auxiliaryFiles": [
        "783.js.map"
      ],
      "hash": "29cbe76cbfe7d69f",
      "childrenByOrder": {}
    },
    {
      "rendered": true,
      "initial": false,
      "entry": false,
      "recorded": false,
      "size": 3620,
      "sizes": {
        "javascript": 3620
      },
      "names": [],
      "idHints": [],
      "runtime": [
        "@ohri/openmrs-esm-ohri-covid-app",
        "main"
      ],
      "files": [
        "911.js"
      ],
      "auxiliaryFiles": [
        "911.js.map"
      ],
      "hash": "6a033b34d214ee9b",
      "childrenByOrder": {}
    },
    {
      "rendered": true,
      "initial": true,
      "entry": true,
      "recorded": false,
      "size": 21077,
      "sizes": {
        "javascript": 42,
        "share-init": 294,
        "runtime": 20741
      },
      "names": [
        "@ohri/openmrs-esm-ohri-covid-app"
      ],
      "idHints": [],
      "runtime": [
        "@ohri/openmrs-esm-ohri-covid-app"
      ],
      "files": [
        "openmrs-esm-ohri-covid-app.js"
      ],
      "auxiliaryFiles": [
        "openmrs-esm-ohri-covid-app.js.map"
      ],
      "hash": "f75690ba1e070647",
      "childrenByOrder": {}
    },
    {
      "rendered": true,
      "initial": false,
      "entry": false,
      "recorded": false,
      "size": 495839,
      "sizes": {
        "javascript": 495797,
        "consume-shared": 42
      },
      "names": [],
      "idHints": [],
      "runtime": [
        "@ohri/openmrs-esm-ohri-covid-app"
      ],
      "files": [
        "982.js"
      ],
      "auxiliaryFiles": [
        "982.js.map"
      ],
      "hash": "09b6fe9f3dc54a0e",
      "childrenByOrder": {}
    },
    {
      "rendered": true,
      "initial": false,
      "entry": false,
      "recorded": false,
      "size": 504,
      "sizes": {
        "javascript": 504
      },
      "names": [],
      "idHints": [],
      "runtime": [
        "@ohri/openmrs-esm-ohri-covid-app",
        "main"
      ],
      "files": [
        "983.js"
      ],
      "auxiliaryFiles": [
        "983.js.map"
      ],
      "hash": "86b61f250050349c",
      "childrenByOrder": {}
    }
  ]
}