{
  "chunks": [
    {
      "rendered": true,
      "initial": false,
      "entry": false,
      "recorded": false,
      "size": 6253,
      "sizes": {
        "javascript": 6253
      },
      "names": [],
      "idHints": [],
      "runtime": [
        "@openmrs/esm-patient-attachments-app",
        "main"
      ],
      "files": [
        "1.js"
      ],
      "auxiliaryFiles": [
        "1.js.map"
      ],
      "hash": "a38be36248f9b23b",
      "childrenByOrder": {}
    },
    {
      "rendered": true,
      "initial": false,
      "entry": false,
      "recorded": false,
      "reason": "reused as split chunk (cache group: defaultVendors)",
      "size": 1215387,
      "sizes": {
        "javascript": 1215387
      },
      "names": [],
      "idHints": [
        "vendors"
      ],
      "runtime": [
        "@openmrs/esm-patient-attachments-app",
        "main"
      ],
      "files": [
        "130.js"
      ],
      "auxiliaryFiles": [
        "130.js.map"
      ],
      "hash": "4d48cb2dabe1e47c",
      "childrenByOrder": {}
    },
    {
      "rendered": true,
      "initial": false,
      "entry": false,
      "recorded": false,
      "reason": "split chunk (cache group: defaultVendors)",
      "size": 1977878,
      "sizes": {
        "javascript": 1977878
      },
      "names": [],
      "idHints": [
        "vendors"
      ],
      "runtime": [
        "@openmrs/esm-patient-attachments-app",
        "main"
      ],
      "files": [
        "133.js"
      ],
      "auxiliaryFiles": [
        "133.js.map"
      ],
      "hash": "c8041b3eb3e977e2",
      "childrenByOrder": {}
    },
    {
      "rendered": true,
      "initial": false,
      "entry": false,
      "recorded": false,
      "size": 480,
      "sizes": {
        "javascript": 480
      },
      "names": [],
      "idHints": [],
      "runtime": [
        "@openmrs/esm-patient-attachments-app",
        "main"
      ],
      "files": [
        "152.js"
      ],
      "auxiliaryFiles": [
        "152.js.map"
      ],
      "hash": "9e8bf435ae71f110",
      "childrenByOrder": {}
    },
    {
      "rendered": true,
      "initial": true,
      "entry": true,
      "recorded": false,
      "size": 2346464,
      "sizes": {
        "consume-shared": 210,
        "javascript": 2324569,
        "share-init": 294,
        "runtime": 21391
      },
      "names": [
        "main"
      ],
      "idHints": [],
      "runtime": [
        "main"
      ],
      "files": [
        "main.js"
      ],
      "auxiliaryFiles": [
        "main.js.map"
      ],
      "hash": "018a998ea72e6e39",
      "childrenByOrder": {}
    },
    {
      "rendered": true,
      "initial": false,
      "entry": false,
      "recorded": false,
      "reason": "split chunk (cache group: defaultVendors)",
      "size": 25337,
      "sizes": {
        "javascript": 25337
      },
      "names": [],
      "idHints": [
        "vendors"
      ],
      "runtime": [
        "@openmrs/esm-patient-attachments-app",
        "main"
      ],
      "files": [
        "255.js"
      ],
      "auxiliaryFiles": [
        "255.js.map"
      ],
      "hash": "a7929fedef12c15c",
      "childrenByOrder": {}
    },
    {
      "rendered": true,
      "initial": false,
      "entry": false,
      "recorded": false,
      "size": 1321,
      "sizes": {
        "javascript": 1321
      },
      "names": [],
      "idHints": [],
      "runtime": [
        "@openmrs/esm-patient-attachments-app",
        "main"
      ],
      "files": [
        "271.js"
      ],
      "auxiliaryFiles": [],
      "hash": "d4d77fe45e1aa4d8",
      "childrenByOrder": {}
    },
    {
      "rendered": true,
      "initial": false,
      "entry": false,
      "recorded": false,
      "size": 480,
      "sizes": {
        "javascript": 480
      },
      "names": [],
      "idHints": [],
      "runtime": [
        "@openmrs/esm-patient-attachments-app",
        "main"
      ],
      "files": [
        "303.js"
      ],
      "auxiliaryFiles": [
        "303.js.map"
      ],
      "hash": "fc7f3ddbad968b73",
      "childrenByOrder": {}
    },
    {
      "rendered": true,
      "initial": false,
      "entry": false,
      "recorded": false,
      "size": 1914,
      "sizes": {
        "javascript": 1914
      },
      "names": [],
      "idHints": [],
      "runtime": [
        "@openmrs/esm-patient-attachments-app",
        "main"
      ],
      "files": [
        "319.js"
      ],
      "auxiliaryFiles": [],
      "hash": "98f561a45ba7c520",
      "childrenByOrder": {}
    },
    {
      "rendered": false,
      "initial": false,
      "entry": false,
      "recorded": false,
      "reason": "split chunk (cache group: default)",
      "size": 42,
      "sizes": {
        "consume-shared": 42
      },
      "names": [],
      "idHints": [],
      "runtime": [
        "@openmrs/esm-patient-attachments-app",
        "main"
      ],
      "files": [],
      "auxiliaryFiles": [],
      "hash": "cad64473fd7ee9b7",
      "childrenByOrder": {}
    },
    {
      "rendered": true,
      "initial": false,
      "entry": false,
      "recorded": false,
      "size": 1722,
      "sizes": {
        "javascript": 1722
      },
      "names": [],
      "idHints": [],
      "runtime": [
        "@openmrs/esm-patient-attachments-app",
        "main"
      ],
      "files": [
        "460.js"
      ],
      "auxiliaryFiles": [],
      "hash": "e109a6f45aa6fdb4",
      "childrenByOrder": {}
    },
    {
      "rendered": true,
      "initial": false,
      "entry": false,
      "recorded": false,
      "reason": "reused as split chunk (cache group: defaultVendors)",
      "size": 40147,
      "sizes": {
        "javascript": 40147
      },
      "names": [],
      "idHints": [
        "vendors"
      ],
      "runtime": [
        "@openmrs/esm-patient-attachments-app",
        "main"
      ],
      "files": [
        "553.js"
      ],
      "auxiliaryFiles": [
        "553.js.map"
      ],
      "hash": "075547e22b3bb281",
      "childrenByOrder": {}
    },
    {
      "rendered": true,
      "initial": false,
      "entry": false,
      "recorded": false,
      "size": 62781,
      "sizes": {
        "javascript": 62781
      },
      "names": [],
      "idHints": [],
      "runtime": [
        "@openmrs/esm-patient-attachments-app"
      ],
      "files": [
        "566.js"
      ],
      "auxiliaryFiles": [
        "566.js.map"
      ],
      "hash": "1d866d89736a6ccf",
      "childrenByOrder": {}
    },
    {
      "rendered": true,
      "initial": false,
      "entry": false,
      "recorded": false,
      "size": 1863,
      "sizes": {
        "javascript": 1863
      },
      "names": [],
      "idHints": [],
      "runtime": [
        "@openmrs/esm-patient-attachments-app",
        "main"
      ],
      "files": [
        "574.js"
      ],
      "auxiliaryFiles": [],
      "hash": "4ecdab9a12f5b9d5",
      "childrenByOrder": {}
    },
    {
      "rendered": true,
      "initial": false,
      "entry": false,
      "recorded": false,
      "reason": "reused as split chunk (cache group: defaultVendors)",
      "size": 251616,
      "sizes": {
        "javascript": 251616
      },
      "names": [],
      "idHints": [
        "vendors"
      ],
      "runtime": [
        "@openmrs/esm-patient-attachments-app",
        "main"
      ],
      "files": [
        "591.js"
      ],
      "auxiliaryFiles": [
        "591.js.map"
      ],
      "hash": "48361cdc163a1990",
      "childrenByOrder": {}
    },
    {
      "rendered": true,
      "initial": false,
      "entry": false,
      "recorded": false,
      "reason": "split chunk (cache group: defaultVendors)",
      "size": 94603,
      "sizes": {
        "javascript": 94603
      },
      "names": [],
      "idHints": [
        "vendors"
      ],
      "runtime": [
        "@openmrs/esm-patient-attachments-app",
        "main"
      ],
      "files": [
        "614.js"
      ],
      "auxiliaryFiles": [
        "614.js.map"
      ],
      "hash": "7637d5f972a3ce98",
      "childrenByOrder": {}
    },
    {
      "rendered": true,
      "initial": false,
      "entry": false,
      "recorded": false,
      "size": 1321,
      "sizes": {
        "javascript": 1321
      },
      "names": [],
      "idHints": [],
      "runtime": [
        "@openmrs/esm-patient-attachments-app",
        "main"
      ],
      "files": [
        "644.js"
      ],
      "auxiliaryFiles": [],
      "hash": "d9a43bd2b48759f8",
      "childrenByOrder": {}
    },
    {
      "rendered": true,
      "initial": false,
      "entry": false,
      "recorded": false,
      "reason": "reused as split chunk (cache group: defaultVendors)",
      "size": 25530,
      "sizes": {
        "javascript": 25530
      },
      "names": [],
      "idHints": [
        "vendors"
      ],
      "runtime": [
        "@openmrs/esm-patient-attachments-app",
        "main"
      ],
      "files": [
        "729.js"
      ],
      "auxiliaryFiles": [
        "729.js.map"
      ],
      "hash": "a704e7a56771e8b4",
      "childrenByOrder": {}
    },
    {
      "rendered": true,
      "initial": false,
      "entry": false,
      "recorded": false,
      "reason": "reused as split chunk (cache group: default)",
      "size": 121549,
      "sizes": {
        "javascript": 121465,
        "consume-shared": 84
      },
      "names": [],
      "idHints": [],
      "runtime": [
        "@openmrs/esm-patient-attachments-app",
        "main"
      ],
      "files": [
        "738.js"
      ],
      "auxiliaryFiles": [
        "738.js.map"
      ],
      "hash": "628419bad930eb82",
      "childrenByOrder": {}
    },
    {
      "rendered": true,
      "initial": false,
      "entry": false,
      "recorded": false,
      "size": 1923,
      "sizes": {
        "javascript": 1923
      },
      "names": [],
      "idHints": [],
      "runtime": [
        "@openmrs/esm-patient-attachments-app",
        "main"
      ],
      "files": [
        "757.js"
      ],
      "auxiliaryFiles": [],
      "hash": "5da65af5a06ae2d7",
      "childrenByOrder": {}
    },
    {
      "rendered": true,
      "initial": false,
      "entry": false,
      "recorded": false,
      "size": 7103,
      "sizes": {
        "javascript": 7103
      },
      "names": [],
      "idHints": [],
      "runtime": [
        "@openmrs/esm-patient-attachments-app",
        "main"
      ],
      "files": [
        "784.js"
      ],
      "auxiliaryFiles": [
        "784.js.map"
      ],
      "hash": "cead9aee79b6bde7",
      "childrenByOrder": {}
    },
    {
      "rendered": true,
      "initial": false,
      "entry": false,
      "recorded": false,
      "size": 1780,
      "sizes": {
        "javascript": 1780
      },
      "names": [],
      "idHints": [],
      "runtime": [
        "@openmrs/esm-patient-attachments-app",
        "main"
      ],
      "files": [
        "788.js"
      ],
      "auxiliaryFiles": [],
      "hash": "604ca5b7af0f9b33",
      "childrenByOrder": {}
    },
    {
      "rendered": true,
      "initial": false,
      "entry": false,
      "recorded": false,
      "size": 56838,
      "sizes": {
        "javascript": 56838
      },
      "names": [],
      "idHints": [],
      "runtime": [
        "@openmrs/esm-patient-attachments-app",
        "main"
      ],
      "files": [
        "797.js"
      ],
      "auxiliaryFiles": [
        "797.js.map"
      ],
      "hash": "8773f56732b68c4f",
      "childrenByOrder": {}
    },
    {
      "rendered": true,
      "initial": false,
      "entry": false,
      "recorded": false,
      "reason": "split chunk (cache group: defaultVendors)",
      "size": 283910,
      "sizes": {
        "javascript": 283910
      },
      "names": [],
      "idHints": [
        "vendors"
      ],
      "runtime": [
        "@openmrs/esm-patient-attachments-app"
      ],
      "files": [
        "798.js"
      ],
      "auxiliaryFiles": [
        "798.js.map"
      ],
      "hash": "79450cec547c744e",
      "childrenByOrder": {}
    },
    {
      "rendered": true,
      "initial": false,
      "entry": false,
      "recorded": false,
      "size": 1807,
      "sizes": {
        "javascript": 1807
      },
      "names": [],
      "idHints": [],
      "runtime": [
        "@openmrs/esm-patient-attachments-app",
        "main"
      ],
      "files": [
        "807.js"
      ],
      "auxiliaryFiles": [],
      "hash": "9d2d63a1bf1ce117",
      "childrenByOrder": {}
    },
    {
      "rendered": true,
      "initial": false,
      "entry": false,
      "recorded": false,
      "reason": "split chunk (cache group: defaultVendors)",
      "size": 44589,
      "sizes": {
        "javascript": 44589
      },
      "names": [],
      "idHints": [
        "vendors"
      ],
      "runtime": [
        "@openmrs/esm-patient-attachments-app",
        "main"
      ],
      "files": [
        "813.js"
      ],
      "auxiliaryFiles": [
        "813.js.map"
      ],
      "hash": "ec718c8584b8d98c",
      "childrenByOrder": {}
    },
    {
      "rendered": true,
      "initial": true,
      "entry": true,
      "recorded": false,
      "size": 21283,
      "sizes": {
        "javascript": 42,
        "share-init": 294,
        "runtime": 20947
      },
      "names": [
        "@openmrs/esm-patient-attachments-app"
      ],
      "idHints": [],
      "runtime": [
        "@openmrs/esm-patient-attachments-app"
      ],
      "files": [
        "openmrs-esm-patient-attachments-app.js"
      ],
      "auxiliaryFiles": [
        "openmrs-esm-patient-attachments-app.js.map"
      ],
      "hash": "ff227c00292c1787",
      "childrenByOrder": {}
    },
    {
      "rendered": true,
      "initial": false,
      "entry": false,
      "recorded": false,
      "size": 1673,
      "sizes": {
        "javascript": 1673
      },
      "names": [],
      "idHints": [],
      "runtime": [
        "@openmrs/esm-patient-attachments-app",
        "main"
      ],
      "files": [
        "833.js"
      ],
      "auxiliaryFiles": [],
      "hash": "86224cc0e5b249df",
      "childrenByOrder": {}
    },
    {
      "rendered": false,
      "initial": false,
      "entry": false,
      "recorded": false,
      "reason": "reused as split chunk (cache group: default)",
      "size": 168,
      "sizes": {
        "consume-shared": 168
      },
      "names": [],
      "idHints": [],
      "runtime": [
        "@openmrs/esm-patient-attachments-app",
        "main"
      ],
      "files": [],
      "auxiliaryFiles": [],
      "hash": "488a916e51f8b87f",
      "childrenByOrder": {}
    },
    {
      "rendered": true,
      "initial": false,
      "entry": false,
      "recorded": false,
      "size": 7269,
      "sizes": {
        "javascript": 7269
      },
      "names": [],
      "idHints": [],
      "runtime": [
        "@openmrs/esm-patient-attachments-app",
        "main"
      ],
      "files": [
        "887.js"
      ],
      "auxiliaryFiles": [
        "887.js.map"
      ],
      "hash": "1c75726a437a1d01",
      "childrenByOrder": {}
    },
    {
      "rendered": false,
      "initial": false,
      "entry": false,
      "recorded": false,
      "reason": "reused as split chunk (cache group: default)",
      "size": 42,
      "sizes": {
        "consume-shared": 42
      },
      "names": [],
      "idHints": [],
      "runtime": [
        "@openmrs/esm-patient-attachments-app",
        "main"
      ],
      "files": [],
      "auxiliaryFiles": [],
      "hash": "7e568f73bb8679f5",
      "childrenByOrder": {}
    }
  ]
}