{
  "chunks": [
    {
      "rendered": true,
      "initial": false,
      "entry": false,
      "recorded": false,
      "size": 7103,
      "sizes": {
        "javascript": 7103
      },
      "names": [],
      "idHints": [],
      "runtime": [
        "@openmrs/esm-system-admin-app",
        "main"
      ],
      "files": [
        "41.js"
      ],
      "auxiliaryFiles": [
        "41.js.map"
      ],
      "hash": "eb9bd01f3ba9cd7a",
      "childrenByOrder": {}
    },
    {
      "rendered": true,
      "initial": false,
      "entry": false,
      "recorded": false,
      "size": 115,
      "sizes": {
        "javascript": 115
      },
      "names": [],
      "idHints": [],
      "runtime": [
        "@openmrs/esm-system-admin-app",
        "main"
      ],
      "files": [
        "55.js"
      ],
      "auxiliaryFiles": [],
      "hash": "2fa979a6c766b8fb",
      "childrenByOrder": {}
    },
    {
      "rendered": true,
      "initial": false,
      "entry": false,
      "recorded": false,
      "size": 121,
      "sizes": {
        "javascript": 121
      },
      "names": [],
      "idHints": [],
      "runtime": [
        "@openmrs/esm-system-admin-app",
        "main"
      ],
      "files": [
        "99.js"
      ],
      "auxiliaryFiles": [],
      "hash": "483db223b0347786",
      "childrenByOrder": {}
    },
    {
      "rendered": true,
      "initial": false,
      "entry": false,
      "recorded": false,
      "size": 4588,
      "sizes": {
        "javascript": 4588
      },
      "names": [],
      "idHints": [],
      "runtime": [
        "@openmrs/esm-system-admin-app",
        "main"
      ],
      "files": [
        "119.js"
      ],
      "auxiliaryFiles": [
        "119.js.map"
      ],
      "hash": "add3c51f3d4e6452",
      "childrenByOrder": {}
    },
    {
      "rendered": true,
      "initial": false,
      "entry": false,
      "recorded": false,
      "size": 97,
      "sizes": {
        "javascript": 97
      },
      "names": [],
      "idHints": [],
      "runtime": [
        "@openmrs/esm-system-admin-app",
        "main"
      ],
      "files": [
        "132.js"
      ],
      "auxiliaryFiles": [],
      "hash": "be31626862bcc46c",
      "childrenByOrder": {}
    },
    {
      "rendered": true,
      "initial": false,
      "entry": false,
      "recorded": false,
      "reason": "reused as split chunk (cache group: defaultVendors)",
      "size": 137533,
      "sizes": {
        "javascript": 137533
      },
      "names": [],
      "idHints": [
        "vendors"
      ],
      "runtime": [
        "@openmrs/esm-system-admin-app",
        "main"
      ],
      "files": [
        "144.js"
      ],
      "auxiliaryFiles": [
        "144.js.map"
      ],
      "hash": "178a0881011cb28d",
      "childrenByOrder": {}
    },
    {
      "rendered": false,
      "initial": false,
      "entry": false,
      "recorded": false,
      "reason": "split chunk (cache group: default)",
      "size": 42,
      "sizes": {
        "consume-shared": 42
      },
      "names": [],
      "idHints": [],
      "runtime": [
        "@openmrs/esm-system-admin-app",
        "main"
      ],
      "files": [],
      "auxiliaryFiles": [],
      "hash": "03c4b5643f3a0702",
      "childrenByOrder": {}
    },
    {
      "rendered": true,
      "initial": false,
      "entry": false,
      "recorded": false,
      "size": 1415,
      "sizes": {
        "consume-shared": 42,
        "javascript": 1373
      },
      "names": [],
      "idHints": [],
      "runtime": [
        "@openmrs/esm-system-admin-app"
      ],
      "files": [
        "173.js"
      ],
      "auxiliaryFiles": [
        "173.js.map"
      ],
      "hash": "fd94cadbb452dd7a",
      "childrenByOrder": {}
    },
    {
      "rendered": false,
      "initial": false,
      "entry": false,
      "recorded": false,
      "reason": "reused as split chunk (cache group: default)",
      "size": 42,
      "sizes": {
        "consume-shared": 42
      },
      "names": [],
      "idHints": [],
      "runtime": [
        "@openmrs/esm-system-admin-app",
        "main"
      ],
      "files": [],
      "auxiliaryFiles": [],
      "hash": "561d4640e316053d",
      "childrenByOrder": {}
    },
    {
      "rendered": true,
      "initial": false,
      "entry": false,
      "recorded": false,
      "reason": "split chunk (cache group: defaultVendors)",
      "size": 485961,
      "sizes": {
        "javascript": 485961
      },
      "names": [],
      "idHints": [
        "vendors"
      ],
      "runtime": [
        "@openmrs/esm-system-admin-app",
        "main"
      ],
      "files": [
        "255.js"
      ],
      "auxiliaryFiles": [
        "255.js.map"
      ],
      "hash": "54eab97a0fed12a0",
      "childrenByOrder": {}
    },
    {
      "rendered": true,
      "initial": false,
      "entry": false,
      "recorded": false,
      "reason": "split chunk (cache group: defaultVendors)",
      "size": 280928,
      "sizes": {
        "javascript": 280928
      },
      "names": [],
      "idHints": [
        "vendors"
      ],
      "runtime": [
        "@openmrs/esm-system-admin-app",
        "main"
      ],
      "files": [
        "297.js"
      ],
      "auxiliaryFiles": [
        "297.js.map"
      ],
      "hash": "c7709a6aaec343af",
      "childrenByOrder": {}
    },
    {
      "rendered": true,
      "initial": false,
      "entry": false,
      "recorded": false,
      "size": 104,
      "sizes": {
        "javascript": 104
      },
      "names": [],
      "idHints": [],
      "runtime": [
        "@openmrs/esm-system-admin-app",
        "main"
      ],
      "files": [
        "300.js"
      ],
      "auxiliaryFiles": [],
      "hash": "972ca885df61af1f",
      "childrenByOrder": {}
    },
    {
      "rendered": true,
      "initial": false,
      "entry": false,
      "recorded": false,
      "reason": "reused as split chunk (cache group: defaultVendors)",
      "size": 30208,
      "sizes": {
        "javascript": 30208
      },
      "names": [],
      "idHints": [
        "vendors"
      ],
      "runtime": [
        "@openmrs/esm-system-admin-app",
        "main"
      ],
      "files": [
        "336.js"
      ],
      "auxiliaryFiles": [
        "336.js.map"
      ],
      "hash": "34e00a58e58553e0",
      "childrenByOrder": {}
    },
    {
      "rendered": false,
      "initial": false,
      "entry": false,
      "recorded": false,
      "reason": "reused as split chunk (cache group: default)",
      "size": 42,
      "sizes": {
        "consume-shared": 42
      },
      "names": [],
      "idHints": [],
      "runtime": [
        "@openmrs/esm-system-admin-app",
        "main"
      ],
      "files": [],
      "auxiliaryFiles": [],
      "hash": "ace5b6b4c30b317b",
      "childrenByOrder": {}
    },
    {
      "rendered": true,
      "initial": true,
      "entry": true,
      "recorded": false,
      "size": 20044,
      "sizes": {
        "javascript": 42,
        "share-init": 210,
        "runtime": 19792
      },
      "names": [
        "@openmrs/esm-system-admin-app"
      ],
      "idHints": [],
      "runtime": [
        "@openmrs/esm-system-admin-app"
      ],
      "files": [
        "openmrs-esm-system-admin-app.js"
      ],
      "auxiliaryFiles": [
        "openmrs-esm-system-admin-app.js.map"
      ],
      "hash": "41dc73ad015cbd4b",
      "childrenByOrder": {}
    },
    {
      "rendered": true,
      "initial": false,
      "entry": false,
      "recorded": false,
      "size": 569,
      "sizes": {
        "javascript": 569
      },
      "names": [],
      "idHints": [],
      "runtime": [
        "@openmrs/esm-system-admin-app",
        "main"
      ],
      "files": [
        "656.js"
      ],
      "auxiliaryFiles": [
        "656.js.map"
      ],
      "hash": "80d12af7ce2cfe82",
      "childrenByOrder": {}
    },
    {
      "rendered": true,
      "initial": true,
      "entry": true,
      "recorded": false,
      "size": 21784,
      "sizes": {
        "consume-shared": 42,
        "javascript": 1373,
        "share-init": 210,
        "runtime": 20159
      },
      "names": [
        "main"
      ],
      "idHints": [],
      "runtime": [
        "main"
      ],
      "files": [
        "main.js"
      ],
      "auxiliaryFiles": [
        "main.js.map"
      ],
      "hash": "7447387871c377d0",
      "childrenByOrder": {}
    },
    {
      "rendered": true,
      "initial": false,
      "entry": false,
      "recorded": false,
      "reason": "split chunk (cache group: defaultVendors)",
      "size": 1745202,
      "sizes": {
        "javascript": 1745202
      },
      "names": [],
      "idHints": [
        "vendors"
      ],
      "runtime": [
        "@openmrs/esm-system-admin-app",
        "main"
      ],
      "files": [
        "831.js"
      ],
      "auxiliaryFiles": [
        "831.js.map"
      ],
      "hash": "5334f5d33781422e",
      "childrenByOrder": {}
    },
    {
      "rendered": true,
      "initial": false,
      "entry": false,
      "recorded": false,
      "size": 14378,
      "sizes": {
        "javascript": 14336,
        "consume-shared": 42
      },
      "names": [],
      "idHints": [],
      "runtime": [
        "@openmrs/esm-system-admin-app",
        "main"
      ],
      "files": [
        "850.js"
      ],
      "auxiliaryFiles": [
        "850.js.map"
      ],
      "hash": "17c979eca22d4518",
      "childrenByOrder": {}
    }
  ]
}