{
  "chunks": [
    {
      "rendered": true,
      "initial": false,
      "entry": false,
      "recorded": false,
      "reason": "reused as split chunk (cache group: default)",
      "size": 133902,
      "sizes": {
        "javascript": 133776,
        "consume-shared": 126
      },
      "names": [],
      "idHints": [],
      "runtime": [
        "@openmrs/esm-patient-notes-app",
        "main"
      ],
      "files": [
        "55.js"
      ],
      "auxiliaryFiles": [
        "55.js.map"
      ],
      "hash": "ee704a328bfd023d",
      "childrenByOrder": {}
    },
    {
      "rendered": true,
      "initial": false,
      "entry": false,
      "recorded": false,
      "size": 73973,
      "sizes": {
        "javascript": 73973
      },
      "names": [],
      "idHints": [],
      "runtime": [
        "@openmrs/esm-patient-notes-app"
      ],
      "files": [
        "89.js"
      ],
      "auxiliaryFiles": [
        "89.js.map"
      ],
      "hash": "63dff946aabe1fd5",
      "childrenByOrder": {}
    },
    {
      "rendered": true,
      "initial": false,
      "entry": false,
      "recorded": false,
      "reason": "reused as split chunk (cache group: defaultVendors)",
      "size": 1215387,
      "sizes": {
        "javascript": 1215387
      },
      "names": [],
      "idHints": [
        "vendors"
      ],
      "runtime": [
        "@openmrs/esm-patient-notes-app",
        "main"
      ],
      "files": [
        "130.js"
      ],
      "auxiliaryFiles": [
        "130.js.map"
      ],
      "hash": "73d359af5629582a",
      "childrenByOrder": {}
    },
    {
      "rendered": true,
      "initial": false,
      "entry": false,
      "recorded": false,
      "size": 480,
      "sizes": {
        "javascript": 480
      },
      "names": [],
      "idHints": [],
      "runtime": [
        "@openmrs/esm-patient-notes-app",
        "main"
      ],
      "files": [
        "152.js"
      ],
      "auxiliaryFiles": [
        "152.js.map"
      ],
      "hash": "4ab14489c9e4f6f3",
      "childrenByOrder": {}
    },
    {
      "rendered": true,
      "initial": true,
      "entry": true,
      "recorded": false,
      "size": 2191120,
      "sizes": {
        "consume-shared": 210,
        "javascript": 2169108,
        "share-init": 336,
        "runtime": 21466
      },
      "names": [
        "main"
      ],
      "idHints": [],
      "runtime": [
        "main"
      ],
      "files": [
        "main.js"
      ],
      "auxiliaryFiles": [
        "main.js.map"
      ],
      "hash": "a42d47fa7b893c71",
      "childrenByOrder": {}
    },
    {
      "rendered": true,
      "initial": false,
      "entry": false,
      "recorded": false,
      "reason": "split chunk (cache group: defaultVendors)",
      "size": 25337,
      "sizes": {
        "javascript": 25337
      },
      "names": [],
      "idHints": [
        "vendors"
      ],
      "runtime": [
        "@openmrs/esm-patient-notes-app",
        "main"
      ],
      "files": [
        "255.js"
      ],
      "auxiliaryFiles": [
        "255.js.map"
      ],
      "hash": "9d730fad96341ee2",
      "childrenByOrder": {}
    },
    {
      "rendered": false,
      "initial": false,
      "entry": false,
      "recorded": false,
      "reason": "reused as split chunk (cache group: default)",
      "size": 42,
      "sizes": {
        "consume-shared": 42
      },
      "names": [],
      "idHints": [],
      "runtime": [
        "@openmrs/esm-patient-notes-app",
        "main"
      ],
      "files": [],
      "auxiliaryFiles": [],
      "hash": "bdaf6e26a74125c4",
      "childrenByOrder": {}
    },
    {
      "rendered": true,
      "initial": false,
      "entry": false,
      "recorded": false,
      "reason": "split chunk (cache group: defaultVendors)",
      "size": 241475,
      "sizes": {
        "javascript": 241475
      },
      "names": [],
      "idHints": [
        "vendors"
      ],
      "runtime": [
        "@openmrs/esm-patient-notes-app",
        "main"
      ],
      "files": [
        "271.js"
      ],
      "auxiliaryFiles": [
        "271.js.map"
      ],
      "hash": "2cccaabdffa7c45c",
      "childrenByOrder": {}
    },
    {
      "rendered": true,
      "initial": false,
      "entry": false,
      "recorded": false,
      "size": 480,
      "sizes": {
        "javascript": 480
      },
      "names": [],
      "idHints": [],
      "runtime": [
        "@openmrs/esm-patient-notes-app",
        "main"
      ],
      "files": [
        "303.js"
      ],
      "auxiliaryFiles": [
        "303.js.map"
      ],
      "hash": "e33f2503061db1c7",
      "childrenByOrder": {}
    },
    {
      "rendered": true,
      "initial": false,
      "entry": false,
      "recorded": false,
      "size": 1505,
      "sizes": {
        "javascript": 1505
      },
      "names": [],
      "idHints": [],
      "runtime": [
        "@openmrs/esm-patient-notes-app",
        "main"
      ],
      "files": [
        "319.js"
      ],
      "auxiliaryFiles": [],
      "hash": "28e879c361f55d1c",
      "childrenByOrder": {}
    },
    {
      "rendered": false,
      "initial": false,
      "entry": false,
      "recorded": false,
      "reason": "split chunk (cache group: default)",
      "size": 42,
      "sizes": {
        "consume-shared": 42
      },
      "names": [],
      "idHints": [],
      "runtime": [
        "@openmrs/esm-patient-notes-app",
        "main"
      ],
      "files": [],
      "auxiliaryFiles": [],
      "hash": "b7e85561902d2629",
      "childrenByOrder": {}
    },
    {
      "rendered": true,
      "initial": false,
      "entry": false,
      "recorded": false,
      "size": 1305,
      "sizes": {
        "javascript": 1305
      },
      "names": [],
      "idHints": [],
      "runtime": [
        "@openmrs/esm-patient-notes-app",
        "main"
      ],
      "files": [
        "384.js"
      ],
      "auxiliaryFiles": [],
      "hash": "95070d508338077e",
      "childrenByOrder": {}
    },
    {
      "rendered": true,
      "initial": false,
      "entry": false,
      "recorded": false,
      "size": 1267,
      "sizes": {
        "javascript": 1267
      },
      "names": [],
      "idHints": [],
      "runtime": [
        "@openmrs/esm-patient-notes-app",
        "main"
      ],
      "files": [
        "460.js"
      ],
      "auxiliaryFiles": [],
      "hash": "06d4199ebe1ea2e1",
      "childrenByOrder": {}
    },
    {
      "rendered": true,
      "initial": false,
      "entry": false,
      "recorded": false,
      "size": 41017,
      "sizes": {
        "javascript": 40975,
        "consume-shared": 42
      },
      "names": [],
      "idHints": [],
      "runtime": [
        "@openmrs/esm-patient-notes-app",
        "main"
      ],
      "files": [
        "466.js"
      ],
      "auxiliaryFiles": [
        "466.js.map"
      ],
      "hash": "3116058f0a4f391b",
      "childrenByOrder": {}
    },
    {
      "rendered": true,
      "initial": false,
      "entry": false,
      "recorded": false,
      "reason": "reused as split chunk (cache group: defaultVendors)",
      "size": 40147,
      "sizes": {
        "javascript": 40147
      },
      "names": [],
      "idHints": [
        "vendors"
      ],
      "runtime": [
        "@openmrs/esm-patient-notes-app",
        "main"
      ],
      "files": [
        "553.js"
      ],
      "auxiliaryFiles": [
        "553.js.map"
      ],
      "hash": "97b25eade6e2ff6a",
      "childrenByOrder": {}
    },
    {
      "rendered": true,
      "initial": false,
      "entry": false,
      "recorded": false,
      "size": 1307,
      "sizes": {
        "javascript": 1307
      },
      "names": [],
      "idHints": [],
      "runtime": [
        "@openmrs/esm-patient-notes-app",
        "main"
      ],
      "files": [
        "574.js"
      ],
      "auxiliaryFiles": [],
      "hash": "f0015930e90a5462",
      "childrenByOrder": {}
    },
    {
      "rendered": false,
      "initial": false,
      "entry": false,
      "recorded": false,
      "reason": "reused as split chunk (cache group: default)",
      "size": 126,
      "sizes": {
        "consume-shared": 126
      },
      "names": [],
      "idHints": [],
      "runtime": [
        "@openmrs/esm-patient-notes-app",
        "main"
      ],
      "files": [],
      "auxiliaryFiles": [],
      "hash": "cbf4727d64b38f4d",
      "childrenByOrder": {}
    },
    {
      "rendered": true,
      "initial": false,
      "entry": false,
      "recorded": false,
      "reason": "reused as split chunk (cache group: defaultVendors)",
      "size": 251616,
      "sizes": {
        "javascript": 251616
      },
      "names": [],
      "idHints": [
        "vendors"
      ],
      "runtime": [
        "@openmrs/esm-patient-notes-app",
        "main"
      ],
      "files": [
        "591.js"
      ],
      "auxiliaryFiles": [
        "591.js.map"
      ],
      "hash": "18c81af21bcac1fe",
      "childrenByOrder": {}
    },
    {
      "rendered": true,
      "initial": false,
      "entry": false,
      "recorded": false,
      "size": 1305,
      "sizes": {
        "javascript": 1305
      },
      "names": [],
      "idHints": [],
      "runtime": [
        "@openmrs/esm-patient-notes-app",
        "main"
      ],
      "files": [
        "644.js"
      ],
      "auxiliaryFiles": [],
      "hash": "278ddca885b5a105",
      "childrenByOrder": {}
    },
    {
      "rendered": true,
      "initial": false,
      "entry": false,
      "recorded": false,
      "reason": "split chunk (cache group: defaultVendors)",
      "size": 2069798,
      "sizes": {
        "javascript": 2069798
      },
      "names": [],
      "idHints": [
        "vendors"
      ],
      "runtime": [
        "@openmrs/esm-patient-notes-app",
        "main"
      ],
      "files": [
        "702.js"
      ],
      "auxiliaryFiles": [
        "702.js.map"
      ],
      "hash": "e046f233c524841f",
      "childrenByOrder": {}
    },
    {
      "rendered": true,
      "initial": true,
      "entry": true,
      "recorded": false,
      "size": 21393,
      "sizes": {
        "javascript": 42,
        "share-init": 336,
        "runtime": 21015
      },
      "names": [
        "@openmrs/esm-patient-notes-app"
      ],
      "idHints": [],
      "runtime": [
        "@openmrs/esm-patient-notes-app"
      ],
      "files": [
        "openmrs-esm-patient-notes-app.js"
      ],
      "auxiliaryFiles": [
        "openmrs-esm-patient-notes-app.js.map"
      ],
      "hash": "b1c1b5c833e07413",
      "childrenByOrder": {}
    },
    {
      "rendered": true,
      "initial": false,
      "entry": false,
      "recorded": false,
      "reason": "reused as split chunk (cache group: defaultVendors)",
      "size": 25530,
      "sizes": {
        "javascript": 25530
      },
      "names": [],
      "idHints": [
        "vendors"
      ],
      "runtime": [
        "@openmrs/esm-patient-notes-app",
        "main"
      ],
      "files": [
        "729.js"
      ],
      "auxiliaryFiles": [
        "729.js.map"
      ],
      "hash": "a059aae8ca7a159d",
      "childrenByOrder": {}
    },
    {
      "rendered": true,
      "initial": false,
      "entry": false,
      "recorded": false,
      "size": 1537,
      "sizes": {
        "javascript": 1537
      },
      "names": [],
      "idHints": [],
      "runtime": [
        "@openmrs/esm-patient-notes-app",
        "main"
      ],
      "files": [
        "757.js"
      ],
      "auxiliaryFiles": [],
      "hash": "f001264b514c2ac5",
      "childrenByOrder": {}
    },
    {
      "rendered": true,
      "initial": false,
      "entry": false,
      "recorded": false,
      "size": 7103,
      "sizes": {
        "javascript": 7103
      },
      "names": [],
      "idHints": [],
      "runtime": [
        "@openmrs/esm-patient-notes-app",
        "main"
      ],
      "files": [
        "784.js"
      ],
      "auxiliaryFiles": [
        "784.js.map"
      ],
      "hash": "7e6fdaa3abc8d03c",
      "childrenByOrder": {}
    },
    {
      "rendered": true,
      "initial": false,
      "entry": false,
      "recorded": false,
      "size": 1306,
      "sizes": {
        "javascript": 1306
      },
      "names": [],
      "idHints": [],
      "runtime": [
        "@openmrs/esm-patient-notes-app",
        "main"
      ],
      "files": [
        "788.js"
      ],
      "auxiliaryFiles": [],
      "hash": "6a64b3a79bd6636d",
      "childrenByOrder": {}
    },
    {
      "rendered": true,
      "initial": false,
      "entry": false,
      "recorded": false,
      "size": 1532,
      "sizes": {
        "javascript": 1532
      },
      "names": [],
      "idHints": [],
      "runtime": [
        "@openmrs/esm-patient-notes-app",
        "main"
      ],
      "files": [
        "807.js"
      ],
      "auxiliaryFiles": [],
      "hash": "544cd9c774a668d5",
      "childrenByOrder": {}
    },
    {
      "rendered": true,
      "initial": false,
      "entry": false,
      "recorded": false,
      "size": 1181,
      "sizes": {
        "javascript": 1181
      },
      "names": [],
      "idHints": [],
      "runtime": [
        "@openmrs/esm-patient-notes-app",
        "main"
      ],
      "files": [
        "833.js"
      ],
      "auxiliaryFiles": [],
      "hash": "3a1e117d1d907513",
      "childrenByOrder": {}
    },
    {
      "rendered": true,
      "initial": false,
      "entry": false,
      "recorded": false,
      "size": 7160,
      "sizes": {
        "javascript": 7160
      },
      "names": [],
      "idHints": [],
      "runtime": [
        "@openmrs/esm-patient-notes-app",
        "main"
      ],
      "files": [
        "879.js"
      ],
      "auxiliaryFiles": [
        "879.js.map"
      ],
      "hash": "f087e999a3033119",
      "childrenByOrder": {}
    }
  ]
}