{
  "chunks": [
    {
      "rendered": true,
      "initial": false,
      "entry": false,
      "recorded": false,
      "reason": "reused as split chunk (cache group: defaultVendors)",
      "size": 1213519,
      "sizes": {
        "javascript": 1213519
      },
      "names": [],
      "idHints": [
        "vendors"
      ],
      "runtime": [
        "@openmrs/esm-active-visits-app",
        "main"
      ],
      "files": [
        "130.js"
      ],
      "auxiliaryFiles": [
        "130.js.map"
      ],
      "hash": "7b10dbcf8c549006",
      "childrenByOrder": {}
    },
    {
      "rendered": true,
      "initial": true,
      "entry": true,
      "recorded": false,
      "size": 1740329,
      "sizes": {
        "consume-shared": 294,
        "javascript": 1719038,
        "share-init": 294,
        "runtime": 20703
      },
      "names": [
        "main"
      ],
      "idHints": [],
      "runtime": [
        "main"
      ],
      "files": [
        "main.js"
      ],
      "auxiliaryFiles": [
        "main.js.map"
      ],
      "hash": "6330cc40ac44107f",
      "childrenByOrder": {}
    },
    {
      "rendered": false,
      "initial": false,
      "entry": false,
      "recorded": false,
      "reason": "reused as split chunk (cache group: default)",
      "size": 42,
      "sizes": {
        "consume-shared": 42
      },
      "names": [],
      "idHints": [],
      "runtime": [
        "@openmrs/esm-active-visits-app",
        "main"
      ],
      "files": [],
      "auxiliaryFiles": [],
      "hash": "d6ec6966c9531444",
      "childrenByOrder": {}
    },
    {
      "rendered": true,
      "initial": false,
      "entry": false,
      "recorded": false,
      "reason": "split chunk (cache group: defaultVendors)",
      "size": 21668,
      "sizes": {
        "javascript": 21668
      },
      "names": [],
      "idHints": [
        "vendors"
      ],
      "runtime": [
        "@openmrs/esm-active-visits-app",
        "main"
      ],
      "files": [
        "255.js"
      ],
      "auxiliaryFiles": [
        "255.js.map"
      ],
      "hash": "d8cc819c7cab3ed0",
      "childrenByOrder": {}
    },
    {
      "rendered": true,
      "initial": false,
      "entry": false,
      "recorded": false,
      "size": 797,
      "sizes": {
        "javascript": 797
      },
      "names": [],
      "idHints": [],
      "runtime": [
        "@openmrs/esm-active-visits-app",
        "main"
      ],
      "files": [
        "271.js"
      ],
      "auxiliaryFiles": [],
      "hash": "555b123ef85724fa",
      "childrenByOrder": {}
    },
    {
      "rendered": true,
      "initial": false,
      "entry": false,
      "recorded": false,
      "size": 103956,
      "sizes": {
        "consume-shared": 210,
        "javascript": 103746
      },
      "names": [],
      "idHints": [],
      "runtime": [
        "@openmrs/esm-active-visits-app"
      ],
      "files": [
        "277.js"
      ],
      "auxiliaryFiles": [
        "277.js.map"
      ],
      "hash": "97df3bb16f6a93b9",
      "childrenByOrder": {}
    },
    {
      "rendered": true,
      "initial": false,
      "entry": false,
      "recorded": false,
      "reason": "reused as split chunk (cache group: defaultVendors)",
      "size": 137533,
      "sizes": {
        "javascript": 137533
      },
      "names": [],
      "idHints": [
        "vendors"
      ],
      "runtime": [
        "@openmrs/esm-active-visits-app",
        "main"
      ],
      "files": [
        "316.js"
      ],
      "auxiliaryFiles": [
        "316.js.map"
      ],
      "hash": "c4ab49b17ca3696c",
      "childrenByOrder": {}
    },
    {
      "rendered": true,
      "initial": false,
      "entry": false,
      "recorded": false,
      "size": 1199,
      "sizes": {
        "javascript": 1199
      },
      "names": [],
      "idHints": [],
      "runtime": [
        "@openmrs/esm-active-visits-app",
        "main"
      ],
      "files": [
        "319.js"
      ],
      "auxiliaryFiles": [],
      "hash": "f5498cbc9d578db5",
      "childrenByOrder": {}
    },
    {
      "rendered": false,
      "initial": false,
      "entry": false,
      "recorded": false,
      "reason": "split chunk (cache group: default)",
      "size": 42,
      "sizes": {
        "consume-shared": 42
      },
      "names": [],
      "idHints": [],
      "runtime": [
        "@openmrs/esm-active-visits-app",
        "main"
      ],
      "files": [],
      "auxiliaryFiles": [],
      "hash": "f90afdad9af47f8e",
      "childrenByOrder": {}
    },
    {
      "rendered": true,
      "initial": false,
      "entry": false,
      "recorded": false,
      "size": 9535,
      "sizes": {
        "javascript": 9535
      },
      "names": [],
      "idHints": [],
      "runtime": [
        "@openmrs/esm-active-visits-app",
        "main"
      ],
      "files": [
        "382.js"
      ],
      "auxiliaryFiles": [
        "382.js.map"
      ],
      "hash": "475681356aefe4d5",
      "childrenByOrder": {}
    },
    {
      "rendered": true,
      "initial": false,
      "entry": false,
      "recorded": false,
      "reason": "split chunk (cache group: defaultVendors)",
      "size": 1593624,
      "sizes": {
        "javascript": 1593624
      },
      "names": [],
      "idHints": [
        "vendors"
      ],
      "runtime": [
        "@openmrs/esm-active-visits-app"
      ],
      "files": [
        "448.js"
      ],
      "auxiliaryFiles": [
        "448.js.map"
      ],
      "hash": "ebbe6dee310b6675",
      "childrenByOrder": {}
    },
    {
      "rendered": true,
      "initial": false,
      "entry": false,
      "recorded": false,
      "size": 1110,
      "sizes": {
        "javascript": 1110
      },
      "names": [],
      "idHints": [],
      "runtime": [
        "@openmrs/esm-active-visits-app",
        "main"
      ],
      "files": [
        "460.js"
      ],
      "auxiliaryFiles": [],
      "hash": "f1b84a3eee051555",
      "childrenByOrder": {}
    },
    {
      "rendered": true,
      "initial": false,
      "entry": false,
      "recorded": false,
      "size": 1116,
      "sizes": {
        "javascript": 1116
      },
      "names": [],
      "idHints": [],
      "runtime": [
        "@openmrs/esm-active-visits-app",
        "main"
      ],
      "files": [
        "574.js"
      ],
      "auxiliaryFiles": [],
      "hash": "3f364ce5e7f860e7",
      "childrenByOrder": {}
    },
    {
      "rendered": true,
      "initial": false,
      "entry": false,
      "recorded": false,
      "reason": "reused as split chunk (cache group: defaultVendors)",
      "size": 39276,
      "sizes": {
        "javascript": 39276
      },
      "names": [],
      "idHints": [
        "vendors"
      ],
      "runtime": [
        "@openmrs/esm-active-visits-app",
        "main"
      ],
      "files": [
        "588.js"
      ],
      "auxiliaryFiles": [
        "588.js.map"
      ],
      "hash": "a4b282d5527f44c6",
      "childrenByOrder": {}
    },
    {
      "rendered": true,
      "initial": false,
      "entry": false,
      "recorded": false,
      "size": 9535,
      "sizes": {
        "javascript": 9535
      },
      "names": [],
      "idHints": [],
      "runtime": [
        "@openmrs/esm-active-visits-app",
        "main"
      ],
      "files": [
        "635.js"
      ],
      "auxiliaryFiles": [
        "635.js.map"
      ],
      "hash": "1165e25cacdb74f2",
      "childrenByOrder": {}
    },
    {
      "rendered": true,
      "initial": false,
      "entry": false,
      "recorded": false,
      "size": 797,
      "sizes": {
        "javascript": 797
      },
      "names": [],
      "idHints": [],
      "runtime": [
        "@openmrs/esm-active-visits-app",
        "main"
      ],
      "files": [
        "644.js"
      ],
      "auxiliaryFiles": [],
      "hash": "58db658c54b41aeb",
      "childrenByOrder": {}
    },
    {
      "rendered": true,
      "initial": true,
      "entry": true,
      "recorded": false,
      "size": 20638,
      "sizes": {
        "javascript": 42,
        "share-init": 294,
        "runtime": 20302
      },
      "names": [
        "@openmrs/esm-active-visits-app"
      ],
      "idHints": [],
      "runtime": [
        "@openmrs/esm-active-visits-app"
      ],
      "files": [
        "openmrs-esm-active-visits-app.js"
      ],
      "auxiliaryFiles": [
        "openmrs-esm-active-visits-app.js.map"
      ],
      "hash": "1ec5b6a2667d6c95",
      "childrenByOrder": {}
    },
    {
      "rendered": true,
      "initial": false,
      "entry": false,
      "recorded": false,
      "reason": "reused as split chunk (cache group: defaultVendors)",
      "size": 26095,
      "sizes": {
        "javascript": 26095
      },
      "names": [],
      "idHints": [
        "vendors"
      ],
      "runtime": [
        "@openmrs/esm-active-visits-app",
        "main"
      ],
      "files": [
        "729.js"
      ],
      "auxiliaryFiles": [
        "729.js.map"
      ],
      "hash": "5d6f2f4e2e242611",
      "childrenByOrder": {}
    },
    {
      "rendered": true,
      "initial": false,
      "entry": false,
      "recorded": false,
      "size": 1199,
      "sizes": {
        "javascript": 1199
      },
      "names": [],
      "idHints": [],
      "runtime": [
        "@openmrs/esm-active-visits-app",
        "main"
      ],
      "files": [
        "757.js"
      ],
      "auxiliaryFiles": [],
      "hash": "7aceb8e92212d9a1",
      "childrenByOrder": {}
    },
    {
      "rendered": true,
      "initial": false,
      "entry": false,
      "recorded": false,
      "size": 7103,
      "sizes": {
        "javascript": 7103
      },
      "names": [],
      "idHints": [],
      "runtime": [
        "@openmrs/esm-active-visits-app",
        "main"
      ],
      "files": [
        "784.js"
      ],
      "auxiliaryFiles": [
        "784.js.map"
      ],
      "hash": "83e8eb15662f0db3",
      "childrenByOrder": {}
    },
    {
      "rendered": true,
      "initial": false,
      "entry": false,
      "recorded": false,
      "size": 1116,
      "sizes": {
        "javascript": 1116
      },
      "names": [],
      "idHints": [],
      "runtime": [
        "@openmrs/esm-active-visits-app",
        "main"
      ],
      "files": [
        "788.js"
      ],
      "auxiliaryFiles": [],
      "hash": "a7fb6ea2f9e681c2",
      "childrenByOrder": {}
    },
    {
      "rendered": true,
      "initial": false,
      "entry": false,
      "recorded": false,
      "size": 1177,
      "sizes": {
        "javascript": 1177
      },
      "names": [],
      "idHints": [],
      "runtime": [
        "@openmrs/esm-active-visits-app",
        "main"
      ],
      "files": [
        "807.js"
      ],
      "auxiliaryFiles": [],
      "hash": "3b00aa4aba6fca59",
      "childrenByOrder": {}
    },
    {
      "rendered": true,
      "initial": false,
      "entry": false,
      "recorded": false,
      "size": 1033,
      "sizes": {
        "javascript": 1033
      },
      "names": [],
      "idHints": [],
      "runtime": [
        "@openmrs/esm-active-visits-app",
        "main"
      ],
      "files": [
        "833.js"
      ],
      "auxiliaryFiles": [],
      "hash": "34c8e217b3cf51ce",
      "childrenByOrder": {}
    },
    {
      "rendered": true,
      "initial": false,
      "entry": false,
      "recorded": false,
      "size": 6670,
      "sizes": {
        "javascript": 6670
      },
      "names": [],
      "idHints": [],
      "runtime": [
        "@openmrs/esm-active-visits-app",
        "main"
      ],
      "files": [
        "879.js"
      ],
      "auxiliaryFiles": [
        "879.js.map"
      ],
      "hash": "35a3abe9a5389036",
      "childrenByOrder": {}
    }
  ]
}